Market,Country,Segment,Sales rep ID,Sales team,PCID count,PQR 90d ($),Revenue 90d ($),Ideal PCID,Segment avg PCID,Segment avg PQR ($),Vs ideal PCID,Too big,Too little,Peel to ideal,Grow slots,Impact Calls 90D,Impact Calls Per Account
AU-ACC,AU,ACC,9208,,198,126683.6,117882.5,58,133.3,59419.0,140,True,False,140,0,,0.0
AU-ACC,AU,ACC,43078,,169,89038.5,75951.3,58,133.3,59419.0,111,True,False,111,0,,0.0
AU-ACC,AU,ACC,13758,,154,63998.0,57689.3,58,133.3,59419.0,96,True,False,96,0,,0.0
AU-ACC,AU,ACC,25650,,143,62452.8,46590.0,58,133.3,59419.0,85,True,False,85,0,,
AU-ACC,AU,ACC,5101,,31,40194.8,60185.4,58,133.3,59419.0,-27,False,True,0,27,,0.0
AU-ACC,AU,ACC,35451,,49,18464.5,27353.2,58,133.3,59419.0,-9,False,True,0,9,,0.0
AU-ACC,AU,ACC,17704,,49,21485.9,40521.2,58,133.3,59419.0,-9,False,True,0,9,,0.0
AU-ACC,AU,ACC,6383,,53,13250.1,15798.7,58,133.3,59419.0,-5,False,True,0,5,,0.0
AU-NAM,AU,NAM,20039,,51,21864.2,18382.5,5,52.8,12648.0,46,True,False,46,0,,0.0
BNL-ACC,BNL,ACC,31700,,181,29701.1,57796.1,35,105.1,43521.0,146,True,False,146,0,,0.0
BNL-ACC,BNL,ACC,2351,,180,38150.5,70027.2,35,105.1,43521.0,145,True,False,145,0,,0.0
BNL-ACC,BNL,ACC,27047,,25,103958.5,111479.6,35,105.1,43521.0,-10,True,True,0,10,,0.0
BNL-ACC,BNL,ACC,14813,,27,71407.8,97199.1,35,105.1,43521.0,-8,True,True,0,8,,0.0
BNL-ACC,BNL,ACC,8128,,28,24829.2,43020.9,35,105.1,43521.0,-7,False,True,0,7,,0.0
BNL-ACC,BNL,ACC,4940,,32,24322.9,50922.3,35,105.1,43521.0,-3,False,True,0,3,,0.0
BNL-ACC,BNL,ACC,42598,,32,50734.6,88115.0,35,105.1,43521.0,-3,True,True,0,3,,0.0
BNL-L,BNL,L,39849,,55,21340.3,21226.8,45,46.0,102131.0,10,True,False,10,0,,0.0
BNL-L,BNL,L,16517,,53,35614.4,23261.1,45,46.0,102131.0,8,True,False,8,0,,2.0
BNL-L,BNL,L,36246,,51,128765.4,123736.6,45,46.0,102131.0,6,True,False,6,0,,3.0
BNL-L,BNL,L,3638,,49,139291.8,135114.3,45,46.0,102131.0,4,True,False,4,0,,2.0
BNL-L,BNL,L,35143,,48,117498.8,137232.2,45,46.0,102131.0,3,True,False,3,0,,0.0
BNL-L,BNL,L,28956,,39,149402.1,169318.5,45,46.0,102131.0,-6,False,True,0,6,,3.0
BNL-L,BNL,L,9479,,39,127323.8,128308.2,45,46.0,102131.0,-6,False,True,0,6,,3.0
BNL-L,BNL,L,42609,,41,103972.3,131314.1,45,46.0,102131.0,-4,False,True,0,4,,2.0
BNL-L,BNL,L,6382,,41,75409.6,118894.8,45,46.0,102131.0,-4,False,True,0,4,,2.0
BNL-L,BNL,L,17951,,41,70205.1,86967.1,45,46.0,102131.0,-4,False,True,0,4,,1.0
BNL-M,BNL,M,41428,,196,20108.1,36395.7,90,98.7,302615.0,106,True,False,106,0,,1.0
BNL-M,BNL,M,31711,,176,66522.4,79806.3,90,98.7,302615.0,86,True,False,86,0,,0.0
BNL-M,BNL,M,6917,,105,20272.2,32517.1,90,98.7,302615.0,15,True,False,15,0,,0.0
BNL-M,BNL,M,6393,,95,438909.2,527724.9,90,98.7,302615.0,5,True,False,5,0,,1.0
BNL-M,BNL,M,32064,,74,176171.7,197871.5,90,98.7,302615.0,-16,False,True,0,16,,3.0
BNL-M,BNL,M,42904,,78,191123.2,221915.6,90,98.7,302615.0,-12,False,True,0,12,,2.0
BNL-M,BNL,M,38440,,81,236077.0,226985.9,90,98.7,302615.0,-9,False,True,0,9,,2.0
BNL-M,BNL,M,15870,,81,215958.9,199184.6,90,98.7,302615.0,-9,False,True,0,9,,0.0
BNL-M,BNL,M,40233,,87,356383.0,401846.5,90,98.7,302615.0,-3,False,True,0,3,,2.0
BNL-M,BNL,M,6585,,90,374846.4,495861.5,90,98.7,302615.0,0,True,False,0,0,,0.0
BNL-M,BNL,M,19493,,90,360673.6,463109.5,90,98.7,302615.0,0,True,False,0,0,,0.0
BNL-M,BNL,M,12914,,90,511643.3,510544.0,90,98.7,302615.0,0,True,False,0,0,,2.0
BNL-NAM,BNL,NAM,42814,,39,20241.6,24774.4,15,16.8,48934.0,24,True,False,24,0,,0.0
BNL-NAM,BNL,NAM,9895,,39,81305.4,76370.0,15,16.8,48934.0,24,True,False,24,0,,0.0
BNL-NAM,BNL,NAM,46909,,37,24257.8,25775.0,15,16.8,48934.0,22,True,False,22,0,,0.0
BNL-NAM,BNL,NAM,42336,,34,17295.1,21898.8,15,16.8,48934.0,19,True,False,19,0,,0.0
BNL-NAM,BNL,NAM,15055,,27,21308.0,15951.1,15,16.8,48934.0,12,True,False,12,0,,0.0
BNL-NAM,BNL,NAM,34781,,16,109444.7,102938.2,15,16.8,48934.0,1,True,False,1,0,,0.0
BNL-NAM,BNL,NAM,11636,,9,313669.7,614842.8,15,16.8,48934.0,-6,True,True,0,6,,0.0
BNL-NAM,BNL,NAM,17728,,11,59869.8,67529.6,15,16.8,48934.0,-4,True,True,0,4,,0.0
BNL-NAM,BNL,NAM,9828,,11,12951.4,57368.9,15,16.8,48934.0,-4,False,True,0,4,,0.0
BNL-NAM,BNL,NAM,9592,,11,10509.2,379593.2,15,16.8,48934.0,-4,False,True,0,4,,0.0
BNL-NAM,BNL,NAM,15382,,11,36862.9,34120.0,15,16.8,48934.0,-4,False,True,0,4,,0.0
BNL-NAM,BNL,NAM,6950,,12,25682.6,14495.1,15,16.8,48934.0,-3,False,True,0,3,,0.0
BNL-NAM,BNL,NAM,6572,,12,29830.8,16152.8,15,16.8,48934.0,-3,False,True,0,3,,0.0
BNL-NAM,BNL,NAM,8842,,12,27827.1,38214.8,15,16.8,48934.0,-3,False,True,0,3,,0.0
BNL-NAM,BNL,NAM,46717,,12,47460.3,36016.9,15,16.8,48934.0,-3,False,True,0,3,,0.0
BNL-NAM,BNL,NAM,10014,,12,13697.0,27694.2,15,16.8,48934.0,-3,False,True,0,3,,0.0
BNL-NAM,BNL,NAM,2769,,12,53285.0,61486.8,15,16.8,48934.0,-3,True,True,0,3,,0.0
BNL-NAM,BNL,NAM,10018,,12,28395.1,30578.8,15,16.8,48934.0,-3,False,True,0,3,,0.0
BNL-NAM,BNL,NAM,7652,,12,22642.1,39277.0,15,16.8,48934.0,-3,False,True,0,3,,0.0
BNL-NAM,BNL,NAM,35567,,12,117070.2,181588.2,15,16.8,48934.0,-3,True,True,0,3,,0.0
BNL-NAM,BNL,NAM,6949,,13,92528.3,110303.3,15,16.8,48934.0,-2,True,True,0,2,,0.0
BNL-NAM,BNL,NAM,34395,,13,6579.5,1955.6,15,16.8,48934.0,-2,False,True,0,2,,0.0
BNL-NAM,BNL,NAM,8835,,13,33558.0,42470.2,15,16.8,48934.0,-2,False,True,0,2,,0.0
BNL-NAM,BNL,NAM,16506,,13,48128.0,120721.7,15,16.8,48934.0,-2,False,True,0,2,,0.0
BNL-NAM,BNL,NAM,10233,,14,24619.5,35495.9,15,16.8,48934.0,-1,False,True,0,1,,0.0
BNL-NAM,BNL,NAM,36094,,14,41487.6,40744.1,15,16.8,48934.0,-1,False,True,0,1,,0.0
BNL-NAM,BNL,NAM,8757,,14,17318.5,96066.0,15,16.8,48934.0,-1,False,True,0,1,,0.0
BNL-NAM,BNL,NAM,18845,,14,17618.1,15446.6,15,16.8,48934.0,-1,False,True,0,1,,0.0
BNL-NAM,BNL,NAM,3735,,15,82194.9,131060.1,15,16.8,48934.0,0,True,False,0,0,,0.0
BNL-NAM,BNL,NAM,14732,,15,76962.2,88207.1,15,16.8,48934.0,0,True,False,0,0,,0.0
BR-M,BR,M,8152,,150,40726.3,59866.8,90,128.0,37064.0,60,True,False,60,0,,0.0
BR-M,BR,M,41946,,142,61780.7,68579.6,90,128.0,37064.0,52,True,False,52,0,,0.0
BR-M,BR,M,42830,,137,42197.8,45105.4,90,128.0,37064.0,47,True,False,47,0,,0.0
BR-M,BR,M,39738,,132,40210.7,39718.5,90,128.0,37064.0,42,True,False,42,0,,0.0
CA-ACC,CA,ACC,7771,,36,64965.4,98839.3,58,43.8,111837.0,-22,False,True,0,22,,0.0
CA-ACC,CA,ACC,9566,,39,135465.7,141566.3,58,43.8,111837.0,-19,False,True,0,19,,0.0
CA-ACC,CA,ACC,10081,,43,167469.9,199144.2,58,43.8,111837.0,-15,False,True,0,15,,0.0
CA-ACC,CA,ACC,31663,,57,79445.0,104793.3,58,43.8,111837.0,-1,False,True,0,1,,0.0
CA-L,CA,L,19536,,42,49923.6,71851.1,35,38.5,142522.0,7,True,False,7,0,,1.0
CA-L,CA,L,14488,,36,280218.7,370715.4,35,38.5,142522.0,1,True,False,1,0,,1.0
CA-L,CA,L,13215,,34,39878.3,57829.6,35,38.5,142522.0,-1,False,True,0,1,,2.0
CA-L,CA,L,9082,,35,198057.9,277022.4,35,38.5,142522.0,0,True,False,0,0,,1.0
CA-M,CA,M,13570,,200,31331.9,67427.7,90,113.5,213251.0,110,True,False,110,0,,0.0
CA-M,CA,M,29094,,195,29605.6,60669.0,90,113.5,213251.0,105,True,False,105,0,,0.0
CA-M,CA,M,30207,,194,28478.9,85330.6,90,113.5,213251.0,104,True,False,104,0,,0.0
CA-M,CA,M,30235,,192,35905.9,63930.7,90,113.5,213251.0,102,True,False,102,0,,0.0
CA-M,CA,M,33605,,192,30060.5,42367.5,90,113.5,213251.0,102,True,False,102,0,,0.0
CA-M,CA,M,32085,,186,29723.7,81874.3,90,113.5,213251.0,96,True,False,96,0,,0.0
CA-M,CA,M,19535,,109,239756.5,285648.1,90,113.5,213251.0,19,True,False,19,0,,0.0
CA-M,CA,M,18928,,105,237349.6,281045.2,90,113.5,213251.0,15,True,False,15,0,,0.0
CA-M,CA,M,31789,,99,367549.2,456907.7,90,113.5,213251.0,9,True,False,9,0,,0.0
CA-M,CA,M,32867,,99,291831.0,342443.4,90,113.5,213251.0,9,True,False,9,0,,0.0
CA-M,CA,M,30945,,96,250000.8,306816.6,90,113.5,213251.0,6,True,False,6,0,,0.0
CA-M,CA,M,33712,,93,230342.4,278872.4,90,113.5,213251.0,3,True,False,3,0,,0.0
CA-M,CA,M,13561,,92,292656.4,398743.5,90,113.5,213251.0,2,True,False,2,0,,0.0
CA-M,CA,M,35195,,63,89510.4,100158.5,90,113.5,213251.0,-27,False,True,0,27,,2.0
CA-M,CA,M,31712,,67,97628.3,125075.5,90,113.5,213251.0,-23,False,True,0,23,,2.0
CA-M,CA,M,22888,,71,120767.0,160083.1,90,113.5,213251.0,-19,False,True,0,19,,2.0
CA-M,CA,M,38275,,87,218273.8,291583.9,90,113.5,213251.0,-3,True,True,0,3,,0.0
CA-NAM,CA,NAM,3773,,17,105478.8,86439.6,15,14.3,123811.0,2,True,False,2,0,,0.0
CA-NAM,CA,NAM,18953,,16,85671.7,69472.0,15,14.3,123811.0,1,True,False,1,0,,0.0
CA-NAM,CA,NAM,2336,,8,149407.6,256482.6,15,14.3,123811.0,-7,False,True,0,7,,0.0
CA-NAM,CA,NAM,3771,,10,50554.7,115505.3,15,14.3,123811.0,-5,False,True,0,5,,0.0
CA-NAM,CA,NAM,4789,,10,155659.7,279674.2,15,14.3,123811.0,-5,False,True,0,5,,0.0
CA-NAM,CA,NAM,18698,,11,114538.0,198530.4,15,14.3,123811.0,-4,False,True,0,4,,0.0
CA-NAM,CA,NAM,1778,,11,24774.2,54733.6,15,14.3,123811.0,-4,False,True,0,4,,0.0
CA-NAM,CA,NAM,8414,,11,213011.7,197000.4,15,14.3,123811.0,-4,True,True,0,4,,0.0
CA-NAM,CA,NAM,6313,,11,179210.6,202383.8,15,14.3,123811.0,-4,False,True,0,4,,0.0
CA-NAM,CA,NAM,31293,,12,242679.7,203870.2,15,14.3,123811.0,-3,True,True,0,3,,0.0
CA-NAM,CA,NAM,2277,,13,76275.5,125911.1,15,14.3,123811.0,-2,False,True,0,2,,0.0
CA-NAM,CA,NAM,5774,,13,108312.2,101247.8,15,14.3,123811.0,-2,False,True,0,2,,0.0
CA-NAM,CA,NAM,24466,,13,289810.6,377319.2,15,14.3,123811.0,-2,False,True,0,2,,0.0
CA-NAM,CA,NAM,11030,,14,120415.3,98231.7,15,14.3,123811.0,-1,False,True,0,1,,0.0
CA-UMM,CA,UMM,1974,,47,109715.8,166848.1,45,46.7,140339.0,2,True,False,2,0,,0.0
CA-UMM,CA,UMM,26599,,47,151935.2,189731.3,45,46.7,140339.0,2,True,False,2,0,,0.0
CA-UMM,CA,UMM,23978,,44,132151.7,171860.9,45,46.7,140339.0,-1,False,True,0,1,,1.0
CA-UMM,CA,UMM,14487,,44,117394.9,175874.1,45,46.7,140339.0,-1,False,True,0,1,,0.0
CA-UMM,CA,UMM,32629,,45,140788.8,137316.4,45,46.7,140339.0,0,True,False,0,0,,1.0
DACH-ACC,DACH,ACC,44294,,325,15448.5,28686.4,58,115.2,17390.0,267,True,False,267,0,,0.0
DACH-ACC,DACH,ACC,7140,,312,22156.9,43634.4,58,115.2,17390.0,254,True,False,254,0,,0.0
DACH-ACC,DACH,ACC,44722,,269,22639.6,39434.1,58,115.2,17390.0,211,True,False,211,0,,0.0
DACH-ACC,DACH,ACC,17416,,163,30272.8,30162.3,58,115.2,17390.0,105,True,False,105,0,,1.0
DACH-ACC,DACH,ACC,17417,,142,15512.2,23515.1,58,115.2,17390.0,84,True,False,84,0,,0.0
DACH-ACC,DACH,ACC,20186,,141,19425.3,36034.3,58,115.2,17390.0,83,True,False,83,0,,0.0
DACH-ACC,DACH,ACC,11271,,139,17795.9,31003.9,58,115.2,17390.0,81,True,False,81,0,,0.0
DACH-ACC,DACH,ACC,45423,,134,48004.9,56873.6,58,115.2,17390.0,76,True,False,76,0,,0.0
DACH-ACC,DACH,ACC,44444,,133,21970.2,21370.8,58,115.2,17390.0,75,True,False,75,0,,1.0
DACH-ACC,DACH,ACC,7897,,117,10004.9,10183.6,58,115.2,17390.0,59,True,False,59,0,,0.0
DACH-ACC,DACH,ACC,10153,,114,23759.1,31195.3,58,115.2,17390.0,56,True,False,56,0,,0.0
DACH-ACC,DACH,ACC,44720,,104,18934.9,17618.7,58,115.2,17390.0,46,True,False,46,0,,2.0
DACH-ACC,DACH,ACC,44719,,87,20032.4,16080.1,58,115.2,17390.0,29,True,False,29,0,,2.0
DACH-ACC,DACH,ACC,7552,,59,21195.5,42889.7,58,115.2,17390.0,1,True,False,1,0,,0.0
DACH-ACC,DACH,ACC,24361,,28,18306.7,18208.5,58,115.2,17390.0,-30,True,True,0,30,,1.0
DACH-ACC,DACH,ACC,24602,,30,11147.9,2362.9,58,115.2,17390.0,-28,False,True,0,28,,0.0
DACH-ACC,DACH,ACC,30258,,35,52307.8,30677.2,58,115.2,17390.0,-23,True,True,0,23,,0.0
DACH-ACC,DACH,ACC,8644,,36,14578.6,38163.3,58,115.2,17390.0,-22,False,True,0,22,,0.0
DACH-ACC,DACH,ACC,8582,,39,5777.3,26120.1,58,115.2,17390.0,-19,False,True,0,19,,1.0
DACH-ACC,DACH,ACC,36514,,39,21457.0,18977.3,58,115.2,17390.0,-19,True,True,0,19,,1.0
DACH-ACC,DACH,ACC,42970,,46,6768.2,13111.5,58,115.2,17390.0,-12,False,True,0,12,,3.0
DACH-ACC,DACH,ACC,18832,,50,16207.3,9875.4,58,115.2,17390.0,-8,False,True,0,8,,1.0
DACH-ACC,DACH,ACC,13497,,53,9970.7,18965.7,58,115.2,17390.0,-5,False,True,0,5,,1.0
DACH-ACC,DACH,ACC,42825,,54,29560.9,37414.3,58,115.2,17390.0,-4,False,True,0,4,,3.0
DACH-ACC,DACH,ACC,42818,,56,9904.5,26562.3,58,115.2,17390.0,-2,False,True,0,2,,0.0
DACH-ACC,DACH,ACC,3431,,57,25133.2,53082.6,58,115.2,17390.0,-1,False,True,0,1,,1.0
DACH-ISDCA,DACH,ISDCA,16627,,20,164128.2,68726.2,36,28.0,119533.0,-16,True,True,0,16,,4.0
DACH-ISDCA,DACH,ISDCA,45111,,36,74938.0,60700.5,36,28.0,119533.0,0,True,False,0,0,,1.0
DACH-L,DACH,L,19115,,83,87764.2,125034.0,45,52.2,140819.0,38,True,False,38,0,,1.0
DACH-L,DACH,L,14348,,17,77819.5,60991.3,45,52.2,140819.0,-28,False,True,0,28,,0.0
DACH-L,DACH,L,7261,,41,83487.3,94780.6,45,52.2,140819.0,-4,False,True,0,4,,2.0
DACH-L,DACH,L,44596,,41,127807.5,258791.7,45,52.2,140819.0,-4,False,True,0,4,,3.0
DACH-L,DACH,L,15323,,42,137913.9,90733.9,45,52.2,140819.0,-3,False,True,0,3,,3.0
DACH-L,DACH,L,15830,,42,279642.2,312444.1,45,52.2,140819.0,-3,False,True,0,3,,2.0
DACH-L,DACH,L,17426,,42,110914.4,134877.5,45,52.2,140819.0,-3,False,True,0,3,,1.0
DACH-L,DACH,L,5898,,42,192883.6,199468.0,45,52.2,140819.0,-3,False,True,0,3,,3.0
DACH-M,DACH,M,41363,,168,315012.1,374124.2,113,100.4,274652.0,55,True,False,55,0,,1.0
DACH-M,DACH,M,4867,,161,230207.2,304026.5,113,100.4,274652.0,48,True,False,48,0,,1.0
DACH-M,DACH,M,29573,,147,32640.3,21053.8,113,100.4,274652.0,34,True,False,34,0,,1.0
DACH-M,DACH,M,9858,,138,28069.0,30893.1,113,100.4,274652.0,25,True,False,25,0,,1.0
DACH-M,DACH,M,41802,,133,29286.7,35220.4,113,100.4,274652.0,20,True,False,20,0,,1.0
DACH-M,DACH,M,46336,,48,219489.6,246188.1,113,100.4,274652.0,-65,False,True,0,65,,1.0
DACH-M,DACH,M,46542,,57,212771.8,225012.3,113,100.4,274652.0,-56,False,True,0,56,,0.0
DACH-M,DACH,M,42732,,69,282291.9,343656.1,113,100.4,274652.0,-44,True,True,0,44,,1.0
DACH-M,DACH,M,14402,,71,266874.6,332594.0,113,100.4,274652.0,-42,False,True,0,42,,1.0
DACH-M,DACH,M,11873,,78,179968.1,161704.6,113,100.4,274652.0,-35,False,True,0,35,,0.0
DACH-M,DACH,M,14633,,80,362070.2,443462.9,113,100.4,274652.0,-33,True,True,0,33,,1.0
DACH-M,DACH,M,38356,,81,457262.2,559309.4,113,100.4,274652.0,-32,True,True,0,32,,1.0
DACH-M,DACH,M,38465,,83,386138.4,441570.1,113,100.4,274652.0,-30,True,True,0,30,,1.0
DACH-M,DACH,M,42738,,88,345830.2,500677.4,113,100.4,274652.0,-25,False,True,0,25,,2.0
DACH-M,DACH,M,9206,,93,245523.9,316410.9,113,100.4,274652.0,-20,False,True,0,20,,2.0
DACH-M,DACH,M,20963,,94,301166.4,454274.1,113,100.4,274652.0,-19,False,True,0,19,,2.0
DACH-M,DACH,M,45187,,94,228004.2,58615.7,113,100.4,274652.0,-19,False,True,0,19,,1.0
DACH-M,DACH,M,19328,,95,211474.1,289097.0,113,100.4,274652.0,-18,False,True,0,18,,2.0
DACH-M,DACH,M,12240,,96,374655.2,499889.3,113,100.4,274652.0,-17,True,True,0,17,,1.0
DACH-M,DACH,M,41360,,96,260039.0,330747.8,113,100.4,274652.0,-17,False,True,0,17,,3.0
DACH-M,DACH,M,43163,,96,370134.8,367824.2,113,100.4,274652.0,-17,True,True,0,17,,1.0
DACH-M,DACH,M,11649,,99,249341.8,302546.0,113,100.4,274652.0,-14,False,True,0,14,,2.0
DACH-M,DACH,M,34786,,100,223823.5,257802.6,113,100.4,274652.0,-13,False,True,0,13,,3.0
DACH-M,DACH,M,5484,,103,413187.6,444412.5,113,100.4,274652.0,-10,True,True,0,10,,1.0
DACH-M,DACH,M,21193,,105,218423.2,274576.9,113,100.4,274652.0,-8,True,True,0,8,,1.0
DACH-M,DACH,M,12213,,105,327279.6,414426.5,113,100.4,274652.0,-8,True,True,0,8,,1.0
DACH-M,DACH,M,41364,,107,333246.0,430797.5,113,100.4,274652.0,-6,True,True,0,6,,0.0
DACH-M,DACH,M,20198,,109,430768.4,481378.0,113,100.4,274652.0,-4,True,True,0,4,,1.0
DACH-M,DACH,M,39671,,109,360831.5,389016.9,113,100.4,274652.0,-4,False,True,0,4,,2.0
DACH-M,DACH,M,10167,,110,343753.5,430797.4,113,100.4,274652.0,-3,True,True,0,3,,1.0
DACH-NAM,DACH,NAM,7996,,63,30706.5,18392.9,15,15.0,75541.0,48,True,False,48,0,,0.0
DACH-NAM,DACH,NAM,10383,,39,209702.1,188709.3,15,15.0,75541.0,24,True,False,24,0,,0.0
DACH-NAM,DACH,NAM,26654,,29,5964.4,10291.2,15,15.0,75541.0,14,True,False,14,0,,0.0
DACH-NAM,DACH,NAM,11132,,26,58766.8,49918.7,15,15.0,75541.0,11,True,False,11,0,,3.0
DACH-NAM,DACH,NAM,24604,,24,53267.1,35866.1,15,15.0,75541.0,9,True,False,9,0,,4.0
DACH-NAM,DACH,NAM,36090,,21,51086.3,18482.3,15,15.0,75541.0,6,True,False,6,0,,2.0
DACH-NAM,DACH,NAM,36419,,19,15552.9,23423.5,15,15.0,75541.0,4,True,False,4,0,,0.0
DACH-NAM,DACH,NAM,14852,,19,71873.5,191384.1,15,15.0,75541.0,4,True,False,4,0,,2.0
DACH-NAM,DACH,NAM,9018,,18,65164.2,113578.4,15,15.0,75541.0,3,True,False,3,0,,1.0
DACH-NAM,DACH,NAM,16184,,18,44145.5,83455.5,15,15.0,75541.0,3,True,False,3,0,,1.0
DACH-NAM,DACH,NAM,25450,,17,20452.1,49052.7,15,15.0,75541.0,2,True,False,2,0,,1.0
DACH-NAM,DACH,NAM,46325,,17,66204.3,48179.7,15,15.0,75541.0,2,True,False,2,0,,0.0
DACH-NAM,DACH,NAM,33776,,16,63759.3,131501.2,15,15.0,75541.0,1,True,False,1,0,,3.0
DACH-NAM,DACH,NAM,7992,,16,48185.0,101805.7,15,15.0,75541.0,1,True,False,1,0,,0.0
DACH-NAM,DACH,NAM,18500,,4,199266.8,305471.5,15,15.0,75541.0,-11,False,True,0,11,,20.0
DACH-NAM,DACH,NAM,31674,,4,204681.1,245309.5,15,15.0,75541.0,-11,False,True,0,11,,9.0
DACH-NAM,DACH,NAM,9589,,5,95345.4,81195.1,15,15.0,75541.0,-10,True,True,0,10,,9.0
DACH-NAM,DACH,NAM,8327,,8,73971.4,215652.0,15,15.0,75541.0,-7,False,True,0,7,,2.0
DACH-NAM,DACH,NAM,35545,,9,136712.9,113235.2,15,15.0,75541.0,-6,True,True,0,6,,6.0
DACH-NAM,DACH,NAM,25434,,9,29411.1,39165.5,15,15.0,75541.0,-6,False,True,0,6,,0.0
DACH-NAM,DACH,NAM,16494,,9,91901.9,172283.9,15,15.0,75541.0,-6,False,True,0,6,,8.0
DACH-NAM,DACH,NAM,43784,,10,51561.0,54671.2,15,15.0,75541.0,-5,False,True,0,5,,10.0
DACH-NAM,DACH,NAM,11711,,10,10420.4,18341.7,15,15.0,75541.0,-5,False,True,0,5,,6.0
DACH-NAM,DACH,NAM,26793,,10,196110.6,260120.5,15,15.0,75541.0,-5,False,True,0,5,,10.0
DACH-NAM,DACH,NAM,17512,,10,45007.0,49691.8,15,15.0,75541.0,-5,False,True,0,5,,10.0
DACH-NAM,DACH,NAM,15810,,10,8648.1,7076.5,15,15.0,75541.0,-5,False,True,0,5,,6.0
DACH-NAM,DACH,NAM,8985,,11,76010.6,64661.9,15,15.0,75541.0,-4,True,True,0,4,,8.0
DACH-NAM,DACH,NAM,14424,,11,44312.8,79368.0,15,15.0,75541.0,-4,False,True,0,4,,0.0
DACH-NAM,DACH,NAM,27353,,11,52401.5,93127.4,15,15.0,75541.0,-4,False,True,0,4,,11.0
DACH-NAM,DACH,NAM,43152,,11,36421.8,57903.8,15,15.0,75541.0,-4,False,True,0,4,,12.0
DACH-NAM,DACH,NAM,19055,,11,53828.3,52695.3,15,15.0,75541.0,-4,False,True,0,4,,4.0
DACH-NAM,DACH,NAM,17145,,11,115743.5,145675.1,15,15.0,75541.0,-4,True,True,0,4,,3.0
DACH-NAM,DACH,NAM,5492,,11,46558.4,39741.4,15,15.0,75541.0,-4,False,True,0,4,,6.0
DACH-NAM,DACH,NAM,29671,,11,63501.8,153341.7,15,15.0,75541.0,-4,False,True,0,4,,1.0
DACH-NAM,DACH,NAM,18273,,11,86133.7,98134.9,15,15.0,75541.0,-4,True,True,0,4,,4.0
DACH-NAM,DACH,NAM,28905,,12,18709.9,17843.3,15,15.0,75541.0,-3,False,True,0,3,,2.0
DACH-NAM,DACH,NAM,42636,,12,72960.2,120977.8,15,15.0,75541.0,-3,False,True,0,3,,2.0
DACH-NAM,DACH,NAM,34790,,12,108288.8,148412.8,15,15.0,75541.0,-3,False,True,0,3,,9.0
DACH-NAM,DACH,NAM,38387,,12,23346.6,50063.8,15,15.0,75541.0,-3,False,True,0,3,,9.0
DACH-NAM,DACH,NAM,26627,,13,102454.1,121536.2,15,15.0,75541.0,-2,False,True,0,2,,7.0
DACH-NAM,DACH,NAM,1726,,13,107586.4,102760.7,15,15.0,75541.0,-2,True,True,0,2,,1.0
DACH-NAM,DACH,NAM,3632,,14,63073.4,98915.6,15,15.0,75541.0,-1,False,True,0,1,,5.0
DACH-NAM,DACH,NAM,14779,,15,220230.5,211682.8,15,15.0,75541.0,0,True,False,0,0,,1.0
DACH-NAM,DACH,NAM,8756,,15,50197.8,63420.1,15,15.0,75541.0,0,True,False,0,0,,0.0
DACH-NAMDCA,DACH,NAMDCA,45425,,26,100910.5,15561.4,23,19.8,116188.0,3,True,False,3,0,,1.0
DACH-NAMDCA,DACH,NAMDCA,33256,,11,50500.0,44935.9,23,19.8,116188.0,-12,False,True,0,12,,5.0
DACH-NAMDCA,DACH,NAMDCA,10979,,19,159266.3,270463.5,23,19.8,116188.0,-4,False,True,0,4,,8.0
DACH-NAMDCA,DACH,NAMDCA,4823,,23,154076.0,174470.9,23,19.8,116188.0,0,True,False,0,0,,3.0
FR-ACC,FR,ACC,6486,,241,36782.7,61851.2,58,190.2,31344.0,183,True,False,183,0,,0.0
FR-ACC,FR,ACC,14739,,239,30122.6,62178.8,58,190.2,31344.0,181,True,False,181,0,,0.0
FR-ACC,FR,ACC,34425,,238,37082.4,49831.4,58,190.2,31344.0,180,True,False,180,0,,0.0
FR-ACC,FR,ACC,44449,,236,50154.8,61372.3,58,190.2,31344.0,178,True,False,178,0,,0.0
FR-ACC,FR,ACC,18831,,231,27433.3,54371.6,58,190.2,31344.0,173,True,False,173,0,,0.0
FR-ACC,FR,ACC,45449,,229,34707.4,54812.6,58,190.2,31344.0,171,True,False,171,0,,0.0
FR-ACC,FR,ACC,11650,,222,37899.0,43682.6,58,190.2,31344.0,164,True,False,164,0,,0.0
FR-ACC,FR,ACC,6928,,221,41030.6,48912.4,58,190.2,31344.0,163,True,False,163,0,,0.0
FR-ACC,FR,ACC,19822,,219,27469.4,49395.0,58,190.2,31344.0,161,True,False,161,0,,0.0
FR-ACC,FR,ACC,13505,,46,14734.1,6720.7,58,190.2,31344.0,-12,False,True,0,12,,0.0
FR-ACC,FR,ACC,14741,,53,31011.6,34299.1,58,190.2,31344.0,-5,False,True,0,5,,0.0
FR-ISDCA,FR,ISDCA,14044,,38,48407.1,54292.2,122,116.5,129277.0,-84,False,True,0,84,,0.0
FR-ISDCA,FR,ISDCA,45904,,94,145685.6,197531.2,122,116.5,129277.0,-28,False,True,0,28,,
FR-L,FR,L,45926,,64,43598.8,38378.2,35,45.0,57927.0,29,True,False,29,0,,
FR-L,FR,L,2647,,37,108953.6,101312.2,35,45.0,57927.0,2,True,False,2,0,,2.0
FR-M,FR,M,20788,,189,7391.4,12328.8,113,108.2,189904.0,76,True,False,76,0,,0.0
FR-M,FR,M,45186,,182,9311.0,14511.0,113,108.2,189904.0,69,True,False,69,0,,0.0
FR-M,FR,M,30162,,181,19461.8,28212.9,113,108.2,189904.0,68,True,False,68,0,,0.0
FR-M,FR,M,33639,,53,299660.3,345160.3,113,108.2,189904.0,-60,False,True,0,60,,3.0
FR-M,FR,M,36421,,53,196408.8,229169.8,113,108.2,189904.0,-60,False,True,0,60,,1.0
FR-M,FR,M,38102,,77,61054.8,62214.6,113,108.2,189904.0,-36,False,True,0,36,,2.0
FR-M,FR,M,45052,,77,63607.8,71058.6,113,108.2,189904.0,-36,False,True,0,36,,2.0
FR-M,FR,M,19804,,79,49577.9,52345.0,113,108.2,189904.0,-34,False,True,0,34,,0.0
FR-M,FR,M,32506,,104,230985.7,293859.4,113,108.2,189904.0,-9,False,True,0,9,,1.0
FR-M,FR,M,44728,,105,259730.2,327219.9,113,108.2,189904.0,-8,False,True,0,8,,1.0
FR-M,FR,M,42601,,105,304208.5,328637.7,113,108.2,189904.0,-8,False,True,0,8,,1.0
FR-M,FR,M,42968,,106,267020.8,303541.7,113,108.2,189904.0,-7,False,True,0,7,,1.0
FR-M,FR,M,33263,,106,240102.9,271756.3,113,108.2,189904.0,-7,False,True,0,7,,1.0
FR-M,FR,M,17491,,106,229475.5,318392.9,113,108.2,189904.0,-7,False,True,0,7,,1.0
FR-M,FR,M,46918,,106,296825.2,338992.0,113,108.2,189904.0,-7,True,True,0,7,,0.0
FR-M,FR,M,34772,,106,254479.1,267622.0,113,108.2,189904.0,-7,False,True,0,7,,1.0
FR-M,FR,M,28408,,107,221083.5,287592.1,113,108.2,189904.0,-6,False,True,0,6,,1.0
FR-M,FR,M,43792,,107,214029.5,296593.0,113,108.2,189904.0,-6,False,True,0,6,,1.0
FR-M,FR,M,44004,,107,276755.1,328515.8,113,108.2,189904.0,-6,False,True,0,6,,1.0
FR-M,FR,M,19511,,108,296901.8,292554.5,113,108.2,189904.0,-5,True,True,0,5,,1.0
FR-NAM,FR,NAM,36423,,4,31602.5,38963.4,15,11.1,43726.0,-11,False,True,0,11,,7.0
FR-NAM,FR,NAM,5987,,5,75220.2,103165.3,15,11.1,43726.0,-10,False,True,0,10,,3.0
FR-NAM,FR,NAM,17104,,5,100410.9,87139.3,15,11.1,43726.0,-10,True,True,0,10,,5.0
FR-NAM,FR,NAM,19059,,6,73622.8,96839.5,15,11.1,43726.0,-9,True,True,0,9,,0.0
FR-NAM,FR,NAM,7160,,6,25058.6,34111.1,15,11.1,43726.0,-9,False,True,0,9,,0.0
FR-NAM,FR,NAM,9860,,7,16002.9,25240.6,15,11.1,43726.0,-8,False,True,0,8,,3.0
FR-NAM,FR,NAM,7661,,8,12742.6,5448.6,15,11.1,43726.0,-7,False,True,0,7,,0.0
FR-NAM,FR,NAM,5149,,8,6002.8,62567.3,15,11.1,43726.0,-7,False,True,0,7,,0.0
FR-NAM,FR,NAM,19812,,8,51482.9,41945.9,15,11.1,43726.0,-7,True,True,0,7,,0.0
FR-NAM,FR,NAM,16496,,9,31014.2,56858.2,15,11.1,43726.0,-6,False,True,0,6,,5.0
FR-NAM,FR,NAM,6194,,9,36134.0,52679.6,15,11.1,43726.0,-6,False,True,0,6,,0.0
FR-NAM,FR,NAM,17851,,9,62953.9,92930.4,15,11.1,43726.0,-6,True,True,0,6,,0.0
FR-NAM,FR,NAM,10504,,11,16942.5,28166.9,15,11.1,43726.0,-4,False,True,0,4,,6.0
FR-NAM,FR,NAM,20193,,12,163256.3,142375.1,15,11.1,43726.0,-3,True,True,0,3,,0.0
FR-NAM,FR,NAM,25394,,13,109745.3,79766.3,15,11.1,43726.0,-2,True,True,0,2,,1.0
FR-NAM,FR,NAM,4517,,13,52633.8,75040.5,15,11.1,43726.0,-2,True,True,0,2,,0.0
FR-NAM,FR,NAM,15510,,13,24691.6,40168.7,15,11.1,43726.0,-2,True,True,0,2,,0.0
FR-NAM,FR,NAM,6252,,13,20850.3,28644.5,15,11.1,43726.0,-2,True,True,0,2,,0.0
FR-NAM,FR,NAM,7553,,15,8636.3,6414.3,15,11.1,43726.0,0,True,False,0,0,,0.0
FR-NAM,FR,NAM,34793,,15,15564.2,40629.5,15,11.1,43726.0,0,True,False,0,0,,0.0
FR-NAM,FR,NAM,25831,,15,37684.3,39500.9,15,11.1,43726.0,0,True,False,0,0,,1.0
FR-NAM,FR,NAM,7163,,15,54186.5,20282.0,15,11.1,43726.0,0,True,False,0,0,,0.0
FR-NAMDCA,FR,NAMDCA,19807,,31,24892.6,19093.2,16,17.8,36224.0,15,True,False,15,0,,1.0
FR-NAMDCA,FR,NAMDCA,4574,,12,18566.2,26991.5,16,17.8,36224.0,-4,False,True,0,4,,3.0
FR-NAMDCA,FR,NAMDCA,16500,,12,45606.6,23443.0,16,17.8,36224.0,-4,True,True,0,4,,0.0
FR-NAMDCA,FR,NAMDCA,4387,,16,55830.7,67466.3,16,17.8,36224.0,0,True,False,0,0,,0.0
IBE-ACC,IBE,ACC,13320,,166,5896.3,15944.0,58,110.4,33751.0,108,True,False,108,0,,0.0
IBE-ACC,IBE,ACC,41519,,164,112991.9,169331.9,58,110.4,33751.0,106,True,False,106,0,,0.0
IBE-ACC,IBE,ACC,7557,,138,19801.2,23761.8,58,110.4,33751.0,80,True,False,80,0,,0.0
IBE-ACC,IBE,ACC,45428,,136,17433.9,24199.3,58,110.4,33751.0,78,True,False,78,0,,0.0
IBE-ACC,IBE,ACC,9830,,64,47823.4,85540.6,58,110.4,33751.0,6,True,False,6,0,,0.0
IBE-ACC,IBE,ACC,16581,,50,61919.2,85666.3,58,110.4,33751.0,-8,True,True,0,8,,0.0
IBE-ACC,IBE,ACC,39031,,57,12662.1,48546.3,58,110.4,33751.0,-1,False,True,0,1,,0.0
IN-ACC,IN,ACC,42917,,200,10212.2,11319.8,58,147.4,20417.0,142,True,False,142,0,,0.0
IN-ACC,IN,ACC,41900,,196,28884.2,31324.1,58,147.4,20417.0,138,True,False,138,0,,0.0
IN-ACC,IN,ACC,16884,,192,9385.6,11231.7,58,147.4,20417.0,134,True,False,134,0,,0.0
IN-ACC,IN,ACC,20127,,191,22845.5,18557.2,58,147.4,20417.0,133,True,False,133,0,,0.0
IN-ACC,IN,ACC,42567,,191,14401.0,14632.0,58,147.4,20417.0,133,True,False,133,0,,0.0
IN-ACC,IN,ACC,13171,,190,5823.5,2413.9,58,147.4,20417.0,132,True,False,132,0,,1.0
IN-ACC,IN,ACC,10264,,189,12176.5,10754.6,58,147.4,20417.0,131,True,False,131,0,,0.0
IN-ACC,IN,ACC,13649,,183,8666.6,15329.9,58,147.4,20417.0,125,True,False,125,0,,0.0
IN-ACC,IN,ACC,41807,,170,30591.4,27909.1,58,147.4,20417.0,112,True,False,112,0,,1.0
IN-ACC,IN,ACC,43716,,36,21994.9,7442.0,58,147.4,20417.0,-22,True,True,0,22,,0.0
IN-ACC,IN,ACC,33082,,37,8268.9,37159.3,58,147.4,20417.0,-21,False,True,0,21,,0.0
IN-ACC,IN,ACC,43979,,37,22769.8,56685.3,58,147.4,20417.0,-21,True,True,0,21,,0.0
IN-ACC,IN,ACC,26950,,41,14740.7,4388.1,58,147.4,20417.0,-17,False,True,0,17,,0.0
IN-NAM,IN,NAM,7586,,48,17024.2,8904.4,5,44.5,17669.0,43,True,False,43,0,,0.0
IT-ACC,IT,ACC,18131,,143,129011.1,156290.1,58,101.2,106033.0,85,True,False,85,0,,0.0
IT-ACC,IT,ACC,30410,,31,9375.2,52998.2,58,101.2,106033.0,-27,False,True,0,27,,0.0
IT-ACC,IT,ACC,30254,,42,95640.3,143558.6,58,101.2,106033.0,-16,False,True,0,16,,0.0
IT-ACC,IT,ACC,43713,,44,71281.7,114635.1,58,101.2,106033.0,-14,False,True,0,14,,0.0
IT-ACC,IT,ACC,24236,,51,38780.8,70578.1,58,101.2,106033.0,-7,False,True,0,7,,0.0
IT-ACC,IT,ACC,44732,,51,48017.9,73681.7,58,101.2,106033.0,-7,False,True,0,7,,0.0
IT-ACC,IT,ACC,21189,,55,69329.9,84360.1,58,101.2,106033.0,-3,False,True,0,3,,0.0
IT-ACC,IT,ACC,15308,,57,20494.3,121220.3,58,101.2,106033.0,-1,False,True,0,1,,0.0
IT-ACC,IT,ACC,29549,,57,23166.5,152936.7,58,101.2,106033.0,-1,False,True,0,1,,0.0
IT-ISDCA,IT,ISDCA,29953,,68,150522.0,153733.4,74,71.0,129585.0,-6,True,True,0,6,,0.0
IT-NAM,IT,NAM,21574,,30,6901.5,1715.1,25,29.3,31478.0,5,True,False,5,0,,0.0
IT-NAMDCA,IT,NAMDCA,30185,,5,128495.3,161821.3,55,41.8,73432.0,-50,False,True,0,50,,0.0
IT-NAMDCA,IT,NAMDCA,31756,,47,7190.3,12292.5,55,41.8,73432.0,-8,False,True,0,8,,0.0
Ireland-ACC,Ireland,ACC,13067,,20,83174.8,121063.9,113,83.7,167044.0,-93,False,True,0,93,,0.0
Ireland-ACC,Ireland,ACC,35562,,30,82569.6,83007.5,113,83.7,167044.0,-83,False,True,0,83,,0.0
Ireland-ACC,Ireland,ACC,12891,,35,174155.2,226901.9,113,83.7,167044.0,-78,True,True,0,78,,0.0
Ireland-ACC,Ireland,ACC,7558,,35,123829.9,116296.5,113,83.7,167044.0,-78,False,True,0,78,,0.0
Ireland-ACC,Ireland,ACC,9287,,41,112257.6,116810.5,113,83.7,167044.0,-72,False,True,0,72,,2.0
Ireland-ACC,Ireland,ACC,10027,,101,180945.0,196162.8,113,83.7,167044.0,-12,False,True,0,12,,1.0
MX-M,MX,M,40506,,302,9019.7,14033.8,90,185.8,87626.0,212,True,False,212,0,,0.0
MX-M,MX,M,39342,,293,10532.7,17941.0,90,185.8,87626.0,203,True,False,203,0,,0.0
MX-M,MX,M,29644,,284,10837.5,14473.8,90,185.8,87626.0,194,True,False,194,0,,0.0
MX-M,MX,M,40331,,277,7488.2,9875.4,90,185.8,87626.0,187,True,False,187,0,,0.0
MX-M,MX,M,39150,,276,10596.1,14936.4,90,185.8,87626.0,186,True,False,186,0,,0.0
MX-M,MX,M,41943,,270,8753.6,14410.7,90,185.8,87626.0,180,True,False,180,0,,0.0
MX-M,MX,M,31794,,268,10253.1,12622.2,90,185.8,87626.0,178,True,False,178,0,,0.0
MX-M,MX,M,42894,,137,171902.8,183639.2,90,185.8,87626.0,47,True,False,47,0,,0.0
MX-M,MX,M,39198,,137,127309.0,157007.5,90,185.8,87626.0,47,True,False,47,0,,0.0
MX-M,MX,M,24331,,135,99730.1,99633.3,90,185.8,87626.0,45,True,False,45,0,,1.0
MX-M,MX,M,44481,,135,174515.7,170625.3,90,185.8,87626.0,45,True,False,45,0,,0.0
MX-M,MX,M,13241,,135,160164.5,189998.2,90,185.8,87626.0,45,True,False,45,0,,0.0
MX-M,MX,M,29643,,135,132080.6,159643.4,90,185.8,87626.0,45,True,False,45,0,,0.0
MX-M,MX,M,34491,,135,129397.4,141505.1,90,185.8,87626.0,45,True,False,45,0,,0.0
MX-M,MX,M,42895,,134,161494.6,153059.9,90,185.8,87626.0,44,True,False,44,0,,0.0
MX-M,MX,M,46844,,133,101595.4,95889.7,90,185.8,87626.0,43,True,False,43,0,,0.0
MX-M,MX,M,23697,,133,91606.8,115303.4,90,185.8,87626.0,43,True,False,43,0,,0.0
MX-M,MX,M,7178,,127,110754.8,120212.1,90,185.8,87626.0,37,True,False,37,0,,0.0
MX-NAM,MX,NAM,33778,,29,10451.7,9355.8,25,28.8,28383.0,4,True,False,4,0,,0.0
SG-ACC,SG,ACC,20145,,202,32442.1,23366.2,58,127.9,32371.0,144,True,False,144,0,,0.0
SG-ACC,SG,ACC,20317,,202,61438.9,55331.5,58,127.9,32371.0,144,True,False,144,0,,0.0
UK-ACC,UK,ACC,21198,,215,59766.6,90295.6,58,156.4,51124.0,157,True,False,157,0,,0.0
UK-ACC,UK,ACC,18973,,203,87708.7,113676.1,58,156.4,51124.0,145,True,False,145,0,,0.0
UK-ACC,UK,ACC,12339,,197,38363.0,64044.7,58,156.4,51124.0,139,True,False,139,0,,0.0
UK-ACC,UK,ACC,9886,,195,161195.6,179692.1,58,156.4,51124.0,137,True,False,137,0,,0.0
UK-ACC,UK,ACC,43796,,190,46590.0,86856.0,58,156.4,51124.0,132,True,False,132,0,,0.0
UK-ACC,UK,ACC,33629,,190,44008.9,74906.4,58,156.4,51124.0,132,True,False,132,0,,0.0
UK-ACC,UK,ACC,6924,,190,53862.6,66601.4,58,156.4,51124.0,132,True,False,132,0,,0.0
UK-ACC,UK,ACC,2253,,188,66722.4,89439.0,58,156.4,51124.0,130,True,False,130,0,,0.0
UK-ACC,UK,ACC,10365,,187,41448.6,59366.1,58,156.4,51124.0,129,True,False,129,0,,0.0
UK-ACC,UK,ACC,13510,,186,59972.2,83688.9,58,156.4,51124.0,128,True,False,128,0,,0.0
UK-ACC,UK,ACC,13540,,186,48826.3,74613.0,58,156.4,51124.0,128,True,False,128,0,,0.0
UK-ACC,UK,ACC,41672,,185,36431.0,66313.7,58,156.4,51124.0,127,True,False,127,0,,0.0
UK-ACC,UK,ACC,34419,,170,25627.0,96537.7,58,156.4,51124.0,112,True,False,112,0,,0.0
UK-ACC,UK,ACC,9483,,48,30168.9,45162.3,58,156.4,51124.0,-10,False,True,0,10,,0.0
UK-ACC,UK,ACC,14671,,49,23792.2,21429.0,58,156.4,51124.0,-9,False,True,0,9,,0.0
UK-ACC,UK,ACC,8332,,49,33547.7,31089.5,58,156.4,51124.0,-9,False,True,0,9,,0.0
UK-ACC,UK,ACC,8840,,51,29427.7,30275.3,58,156.4,51124.0,-7,False,True,0,7,,0.0
UK-ACC,UK,ACC,46526,,52,13247.3,44048.6,58,156.4,51124.0,-6,False,True,0,6,,0.0
UK-ISDCA,UK,ISDCA,38726,,150,307565.1,373692.4,94,91.2,255746.0,56,True,False,56,0,,0.0
UK-ISDCA,UK,ISDCA,43977,,119,254725.8,315481.7,94,91.2,255746.0,25,True,False,25,0,,0.0
UK-ISDCA,UK,ISDCA,18976,,96,220424.4,273169.7,94,91.2,255746.0,2,True,False,2,0,,0.0
UK-ISDCA,UK,ISDCA,17137,,96,316118.0,330151.8,94,91.2,255746.0,2,True,False,2,0,,0.0
UK-ISDCA,UK,ISDCA,2909,,50,76226.7,107759.3,94,91.2,255746.0,-44,False,True,0,44,,0.0
UK-ISDCA,UK,ISDCA,14872,,63,292869.7,332991.6,94,91.2,255746.0,-31,False,True,0,31,,1.0
UK-ISDCA,UK,ISDCA,6668,,67,219073.6,333875.1,94,91.2,255746.0,-27,False,True,0,27,,0.0
UK-ISDCA,UK,ISDCA,31704,,86,306226.2,360474.8,94,91.2,255746.0,-8,False,True,0,8,,1.0
UK-ISDCA,UK,ISDCA,10996,,94,308487.0,346460.1,94,91.2,255746.0,0,True,False,0,0,,0.0
UK-L,UK,L,2808,,46,125021.0,153025.2,35,38.8,121775.0,11,True,False,11,0,,0.0
UK-L,UK,L,30182,,45,69516.8,92084.1,35,38.8,121775.0,10,True,False,10,0,,1.0
UK-L,UK,L,12773,,44,82432.4,99841.9,35,38.8,121775.0,9,True,False,9,0,,1.0
UK-L,UK,L,30199,,44,86116.1,111931.7,35,38.8,121775.0,9,True,False,9,0,,0.0
UK-L,UK,L,42596,,44,76342.8,73229.6,35,38.8,121775.0,9,True,False,9,0,,1.0
UK-L,UK,L,29005,,44,67936.2,88870.5,35,38.8,121775.0,9,True,False,9,0,,1.0
UK-L,UK,L,2043,,44,39329.1,38951.5,35,38.8,121775.0,9,True,False,9,0,,2.0
UK-L,UK,L,10960,,44,76279.3,117034.0,35,38.8,121775.0,9,True,False,9,0,,0.0
UK-L,UK,L,4827,,36,366901.3,447308.0,35,38.8,121775.0,1,True,False,1,0,,1.0
UK-L,UK,L,4573,,32,146003.1,154767.9,35,38.8,121775.0,-3,False,True,0,3,,2.0
UK-L,UK,L,7230,,32,245952.7,239006.3,35,38.8,121775.0,-3,True,True,0,3,,3.0
UK-L,UK,L,45905,,32,94709.4,132419.2,35,38.8,121775.0,-3,False,True,0,3,,
UK-L,UK,L,14641,,32,234262.4,303874.0,35,38.8,121775.0,-3,False,True,0,3,,2.0
UK-L,UK,L,17726,,32,207204.7,174843.7,35,38.8,121775.0,-3,True,True,0,3,,2.0
UK-L,UK,L,7396,,32,96995.6,151290.7,35,38.8,121775.0,-3,False,True,0,3,,3.0
UK-L,UK,L,17171,,32,160110.2,228226.5,35,38.8,121775.0,-3,True,True,0,3,,0.0
UK-L,UK,L,30156,,32,150691.3,194968.8,35,38.8,121775.0,-3,False,True,0,3,,2.0
UK-L,UK,L,20049,,33,72257.0,199517.7,35,38.8,121775.0,-2,False,True,0,2,,2.0
UK-L,UK,L,5586,,33,141459.3,157394.4,35,38.8,121775.0,-2,True,True,0,2,,1.0
UK-L,UK,L,16576,,33,151180.4,200867.2,35,38.8,121775.0,-2,True,True,0,2,,1.0
UK-L,UK,L,19415,,33,120539.1,221089.9,35,38.8,121775.0,-2,False,True,0,2,,2.0
UK-L,UK,L,3302,,33,143633.9,146072.9,35,38.8,121775.0,-2,False,True,0,2,,2.0
UK-L,UK,L,39563,,33,181051.4,165880.4,35,38.8,121775.0,-2,True,True,0,2,,1.0
UK-L,UK,L,7151,,33,218286.2,351299.5,35,38.8,121775.0,-2,False,True,0,2,,3.0
UK-L,UK,L,5180,,33,72241.7,125426.1,35,38.8,121775.0,-2,False,True,0,2,,2.0
UK-L,UK,L,8135,,34,207725.0,194778.5,35,38.8,121775.0,-1,True,True,0,1,,1.0
UK-L,UK,L,3251,,34,55599.3,93356.0,35,38.8,121775.0,-1,False,True,0,1,,0.0
UK-L,UK,L,33630,,34,143814.9,194639.6,35,38.8,121775.0,-1,True,True,0,1,,1.0
UK-M,UK,M,34773,,177,71501.6,101635.2,90,96.8,331515.0,87,True,False,87,0,,0.0
UK-M,UK,M,41669,,152,64814.8,86169.6,90,96.8,331515.0,62,True,False,62,0,,0.0
UK-M,UK,M,14929,,137,63700.8,92763.8,90,96.8,331515.0,47,True,False,47,0,,1.0
UK-M,UK,M,19796,,128,209090.9,209062.6,90,96.8,331515.0,38,True,False,38,0,,1.0
UK-M,UK,M,4285,,127,160327.2,194566.2,90,96.8,331515.0,37,True,False,37,0,,1.0
UK-M,UK,M,9191,,127,262191.1,340273.5,90,96.8,331515.0,37,True,False,37,0,,1.0
UK-M,UK,M,5072,,126,219640.1,254085.6,90,96.8,331515.0,36,True,False,36,0,,0.0
UK-M,UK,M,10369,,125,291716.5,312188.1,90,96.8,331515.0,35,True,False,35,0,,1.0
UK-M,UK,M,6929,,124,182060.2,239856.8,90,96.8,331515.0,34,True,False,34,0,,0.0
UK-M,UK,M,20773,,114,23463.1,55041.1,90,96.8,331515.0,24,True,False,24,0,,0.0
UK-M,UK,M,13392,,100,95637.7,191619.6,90,96.8,331515.0,10,True,False,10,0,,0.0
UK-M,UK,M,36247,,95,486813.2,486608.1,90,96.8,331515.0,5,True,False,5,0,,1.0
UK-M,UK,M,13490,,94,366329.6,387693.6,90,96.8,331515.0,4,True,False,4,0,,0.0
UK-M,UK,M,8968,,93,518817.2,642413.0,90,96.8,331515.0,3,True,False,3,0,,1.0
UK-M,UK,M,33635,,93,354489.3,536825.3,90,96.8,331515.0,3,True,False,3,0,,1.0
UK-M,UK,M,6938,,92,375897.7,409376.3,90,96.8,331515.0,2,True,False,2,0,,1.0
UK-M,UK,M,12200,,92,429042.8,472758.3,90,96.8,331515.0,2,True,False,2,0,,1.0
UK-M,UK,M,13763,,92,450759.8,568346.4,90,96.8,331515.0,2,True,False,2,0,,1.0
UK-M,UK,M,7332,,92,392374.6,490545.7,90,96.8,331515.0,2,True,False,2,0,,0.0
UK-M,UK,M,4921,,92,395855.5,442613.4,90,96.8,331515.0,2,True,False,2,0,,1.0
UK-M,UK,M,15521,,92,408865.6,403470.3,90,96.8,331515.0,2,True,False,2,0,,1.0
UK-M,UK,M,16468,,92,346396.3,92391.2,90,96.8,331515.0,2,True,False,2,0,,1.0
UK-M,UK,M,16141,,92,447077.1,501485.7,90,96.8,331515.0,2,True,False,2,0,,1.0
UK-M,UK,M,18975,,92,441135.1,581960.3,90,96.8,331515.0,2,True,False,2,0,,1.0
UK-M,UK,M,19207,,92,363179.9,392018.4,90,96.8,331515.0,2,True,False,2,0,,1.0
UK-M,UK,M,32930,,92,439599.3,515540.8,90,96.8,331515.0,2,True,False,2,0,,1.0
UK-M,UK,M,13492,,91,420318.7,451546.2,90,96.8,331515.0,1,True,False,1,0,,1.0
UK-M,UK,M,43902,,91,408147.8,506455.6,90,96.8,331515.0,1,True,False,1,0,,0.0
UK-M,UK,M,16485,,91,396712.2,455607.0,90,96.8,331515.0,1,True,False,1,0,,1.0
UK-M,UK,M,19203,,91,344452.5,423151.5,90,96.8,331515.0,1,True,False,1,0,,0.0
UK-M,UK,M,15524,,91,541102.9,638767.6,90,96.8,331515.0,1,True,False,1,0,,1.0
UK-M,UK,M,26345,,91,443626.2,466902.8,90,96.8,331515.0,1,True,False,1,0,,1.0
UK-M,UK,M,5494,,91,447042.6,508587.8,90,96.8,331515.0,1,True,False,1,0,,1.0
UK-M,UK,M,19113,,2,16749.3,37957.2,90,96.8,331515.0,-88,False,True,0,88,,59.0
UK-M,UK,M,20781,,57,397131.5,360699.6,90,96.8,331515.0,-33,True,True,0,33,,1.0
UK-M,UK,M,8325,,66,132344.1,160710.4,90,96.8,331515.0,-24,False,True,0,24,,2.0
UK-M,UK,M,43911,,87,455009.4,492451.1,90,96.8,331515.0,-3,False,True,0,3,,4.0
UK-M,UK,M,18391,,88,356260.5,383119.8,90,96.8,331515.0,-2,True,True,0,2,,1.0
UK-M,UK,M,20786,,88,298581.1,344259.0,90,96.8,331515.0,-2,False,True,0,2,,1.0
UK-M,UK,M,7329,,89,287871.5,358935.5,90,96.8,331515.0,-1,False,True,0,1,,1.0
UK-M,UK,M,9856,,89,394839.5,466760.5,90,96.8,331515.0,-1,True,True,0,1,,1.0
UK-M,UK,M,13483,,89,442589.7,511635.1,90,96.8,331515.0,-1,False,True,0,1,,2.0
UK-M,UK,M,6942,,89,378990.9,469906.7,90,96.8,331515.0,-1,True,True,0,1,,1.0
UK-M,UK,M,9834,,90,403240.6,442360.6,90,96.8,331515.0,0,True,False,0,0,,1.0
UK-M,UK,M,7135,,90,449981.7,583547.6,90,96.8,331515.0,0,True,False,0,0,,1.0
UK-M,UK,M,42967,,90,449459.2,510859.8,90,96.8,331515.0,0,True,False,0,0,,1.0
UK-M,UK,M,5176,,90,414175.1,521763.7,90,96.8,331515.0,0,True,False,0,0,,1.0
UK-NAM,UK,NAM,11707,,49,52392.6,83408.1,15,15.6,122897.0,34,True,False,34,0,,0.0
UK-NAM,UK,NAM,2860,,49,91855.4,119841.9,15,15.6,122897.0,34,True,False,34,0,,0.0
UK-NAM,UK,NAM,34754,,35,29300.5,11792.1,15,15.6,122897.0,20,True,False,20,0,,1.0
UK-NAM,UK,NAM,20187,,33,49217.4,48873.6,15,15.6,122897.0,18,True,False,18,0,,1.0
UK-NAM,UK,NAM,15059,,32,27148.9,37291.2,15,15.6,122897.0,17,True,False,17,0,,2.0
UK-NAM,UK,NAM,8637,,19,41917.2,93599.6,15,15.6,122897.0,4,True,False,4,0,,1.0
UK-NAM,UK,NAM,15865,,19,19273.2,15703.3,15,15.6,122897.0,4,True,False,4,0,,1.0
UK-NAM,UK,NAM,10116,,18,45984.5,66640.1,15,15.6,122897.0,3,True,False,3,0,,0.0
UK-NAM,UK,NAM,42629,,18,19140.1,27016.8,15,15.6,122897.0,3,True,False,3,0,,0.0
UK-NAM,UK,NAM,12206,,18,123068.9,203771.5,15,15.6,122897.0,3,True,False,3,0,,0.0
UK-NAM,UK,NAM,23570,,18,34110.5,59205.6,15,15.6,122897.0,3,True,False,3,0,,0.0
UK-NAM,UK,NAM,35989,,18,116089.8,259339.3,15,15.6,122897.0,3,True,False,3,0,,0.0
UK-NAM,UK,NAM,16460,,17,77725.5,106738.4,15,15.6,122897.0,2,True,False,2,0,,0.0
UK-NAM,UK,NAM,46722,,17,75179.1,113619.8,15,15.6,122897.0,2,True,False,2,0,,0.0
UK-NAM,UK,NAM,9879,,16,78636.3,113894.1,15,15.6,122897.0,1,True,False,1,0,,1.0
UK-NAM,UK,NAM,13701,,16,50769.9,89014.0,15,15.6,122897.0,1,True,False,1,0,,3.0
UK-NAM,UK,NAM,9376,,16,57202.0,82936.2,15,15.6,122897.0,1,True,False,1,0,,2.0
UK-NAM,UK,NAM,32942,,1,476790.8,594452.7,15,15.6,122897.0,-14,False,True,0,14,,56.0
UK-NAM,UK,NAM,12748,,1,332148.3,600910.1,15,15.6,122897.0,-14,False,True,0,14,,46.0
UK-NAM,UK,NAM,30197,,1,202254.8,331483.3,15,15.6,122897.0,-14,False,True,0,14,,74.0
UK-NAM,UK,NAM,4835,,4,125787.6,422691.0,15,15.6,122897.0,-11,True,True,0,11,,0.0
UK-NAM,UK,NAM,12059,,6,18052.3,135832.9,15,15.6,122897.0,-9,False,True,0,9,,0.0
UK-NAM,UK,NAM,14123,,8,495724.4,491754.0,15,15.6,122897.0,-7,True,True,0,7,,0.0
UK-NAM,UK,NAM,12909,,9,41369.2,63588.2,15,15.6,122897.0,-6,False,True,0,6,,0.0
UK-NAM,UK,NAM,36390,,10,78844.6,80001.4,15,15.6,122897.0,-5,False,True,0,5,,0.0
UK-NAM,UK,NAM,15057,,10,183163.4,343443.5,15,15.6,122897.0,-5,True,True,0,5,,0.0
UK-NAM,UK,NAM,2897,,10,64815.5,84462.1,15,15.6,122897.0,-5,False,True,0,5,,0.0
UK-NAM,UK,NAM,14777,,11,100132.4,31972.2,15,15.6,122897.0,-4,False,True,0,4,,0.0
UK-NAM,UK,NAM,19814,,11,92453.1,131645.1,15,15.6,122897.0,-4,False,True,0,4,,0.0
UK-NAM,UK,NAM,19012,,11,131128.5,126573.2,15,15.6,122897.0,-4,True,True,0,4,,0.0
UK-NAM,UK,NAM,15058,,11,80233.2,48887.6,15,15.6,122897.0,-4,False,True,0,4,,0.0
UK-NAM,UK,NAM,12058,,11,1067810.6,1042303.5,15,15.6,122897.0,-4,True,True,0,4,,0.0
UK-NAM,UK,NAM,2797,,12,135108.7,140990.2,15,15.6,122897.0,-3,True,True,0,3,,0.0
UK-NAM,UK,NAM,8634,,13,76931.4,93435.0,15,15.6,122897.0,-2,False,True,0,2,,1.0
UK-NAM,UK,NAM,10734,,13,66537.1,50746.5,15,15.6,122897.0,-2,False,True,0,2,,0.0
UK-NAM,UK,NAM,44447,,13,42464.8,84177.4,15,15.6,122897.0,-2,False,True,0,2,,0.0
UK-NAM,UK,NAM,19787,,13,67773.1,75242.2,15,15.6,122897.0,-2,False,True,0,2,,1.0
UK-NAM,UK,NAM,7061,,13,72946.1,126001.1,15,15.6,122897.0,-2,False,True,0,2,,0.0
UK-NAM,UK,NAM,15860,,14,40957.7,76179.8,15,15.6,122897.0,-1,False,True,0,1,,0.0
UK-NAM,UK,NAM,4857,,14,104661.9,161266.5,15,15.6,122897.0,-1,False,True,0,1,,0.0
UK-NAM,UK,NAM,714,,14,189475.8,218347.9,15,15.6,122897.0,-1,True,True,0,1,,2.0
UK-NAM,UK,NAM,5100,,14,112776.4,138924.4,15,15.6,122897.0,-1,False,True,0,1,,0.0
UK-NAMDCA,UK,NAMDCA,13064,,18,131149.3,194904.8,49,67.5,186044.0,-31,False,True,0,31,,0.0
UK-NAMDCA,UK,NAMDCA,12918,,24,316812.2,638441.6,49,67.5,186044.0,-25,False,True,0,25,,0.0
UK-NAMDCA,UK,NAMDCA,45927,,38,212324.4,242526.9,49,67.5,186044.0,-11,False,True,0,11,,
UK-NAMDCA,UK,NAMDCA,14672,,39,207977.4,309825.7,49,67.5,186044.0,-10,False,True,0,10,,0.0
US-ACC,US,ACC,3498,,491,19259.1,14175.5,58,331.6,17667.0,433,True,False,433,0,,0.0
US-DCA,US,DCA,1852,,173,769264.6,811207.6,113,107.2,406660.0,60,True,False,60,0,,0.0
US-DCA,US,DCA,18509,,162,279682.6,318462.7,113,107.2,406660.0,49,True,False,49,0,,0.0
US-DCA,US,DCA,10078,,159,327267.1,408076.6,113,107.2,406660.0,46,True,False,46,0,,0.0
US-DCA,US,DCA,12358,,157,849969.6,846012.8,113,107.2,406660.0,44,True,False,44,0,,0.0
US-DCA,US,DCA,4661,,155,732229.4,907998.3,113,107.2,406660.0,42,True,False,42,0,,0.0
US-DCA,US,DCA,11561,,154,844762.5,926181.1,113,107.2,406660.0,41,True,False,41,0,,0.0
US-DCA,US,DCA,10390,,154,192430.5,269215.9,113,107.2,406660.0,41,True,False,41,0,,0.0
US-DCA,US,DCA,11168,,154,801541.1,984449.9,113,107.2,406660.0,41,True,False,41,0,,0.0
US-DCA,US,DCA,17834,,153,753541.8,818586.6,113,107.2,406660.0,40,True,False,40,0,,0.0
US-DCA,US,DCA,28430,,152,316537.7,356377.0,113,107.2,406660.0,39,True,False,39,0,,0.0
US-DCA,US,DCA,2469,,152,279002.8,327845.4,113,107.2,406660.0,39,True,False,39,0,,0.0
US-DCA,US,DCA,5568,,152,825453.5,959571.7,113,107.2,406660.0,39,True,False,39,0,,0.0
US-DCA,US,DCA,9666,,151,293718.6,323530.4,113,107.2,406660.0,38,True,False,38,0,,0.0
US-DCA,US,DCA,35874,,150,371256.2,395405.7,113,107.2,406660.0,37,True,False,37,0,,0.0
US-DCA,US,DCA,42729,,149,326526.5,361147.8,113,107.2,406660.0,36,True,False,36,0,,0.0
US-DCA,US,DCA,10174,,148,291334.7,302580.8,113,107.2,406660.0,35,True,False,35,0,,0.0
US-DCA,US,DCA,8703,,148,692263.9,837555.4,113,107.2,406660.0,35,True,False,35,0,,0.0
US-DCA,US,DCA,11490,,147,349539.6,304759.9,113,107.2,406660.0,34,True,False,34,0,,0.0
US-DCA,US,DCA,2841,,146,374406.5,389175.3,113,107.2,406660.0,33,True,False,33,0,,0.0
US-DCA,US,DCA,13597,,145,788804.6,942993.2,113,107.2,406660.0,32,True,False,32,0,,0.0
US-DCA,US,DCA,45232,,145,268109.5,342041.1,113,107.2,406660.0,32,True,False,32,0,,0.0
US-DCA,US,DCA,21467,,145,769068.4,964999.7,113,107.2,406660.0,32,True,False,32,0,,0.0
US-DCA,US,DCA,4785,,144,327881.3,380527.0,113,107.2,406660.0,31,True,False,31,0,,0.0
US-DCA,US,DCA,24746,,142,605254.8,714770.1,113,107.2,406660.0,29,True,False,29,0,,0.0
US-DCA,US,DCA,41379,,140,319411.5,369899.6,113,107.2,406660.0,27,True,False,27,0,,0.0
US-DCA,US,DCA,27413,,140,337087.5,335515.3,113,107.2,406660.0,27,True,False,27,0,,0.0
US-DCA,US,DCA,13208,,140,330113.4,372514.0,113,107.2,406660.0,27,True,False,27,0,,0.0
US-DCA,US,DCA,41041,,139,312592.7,380685.4,113,107.2,406660.0,26,True,False,26,0,,0.0
US-DCA,US,DCA,6301,,137,199024.9,244044.9,113,107.2,406660.0,24,True,False,24,0,,0.0
US-DCA,US,DCA,44349,,137,340273.1,387400.6,113,107.2,406660.0,24,True,False,24,0,,0.0
US-DCA,US,DCA,35540,,137,324526.9,368009.8,113,107.2,406660.0,24,True,False,24,0,,0.0
US-DCA,US,DCA,5216,,137,357447.7,356721.8,113,107.2,406660.0,24,True,False,24,0,,1.0
US-DCA,US,DCA,13202,,135,846175.0,916406.6,113,107.2,406660.0,22,True,False,22,0,,0.0
US-DCA,US,DCA,43973,,135,284172.3,307914.1,113,107.2,406660.0,22,True,False,22,0,,0.0
US-DCA,US,DCA,25983,,132,472628.5,502520.7,113,107.2,406660.0,19,True,False,19,0,,0.0
US-DCA,US,DCA,2458,,131,344110.7,371308.9,113,107.2,406660.0,18,True,False,18,0,,0.0
US-DCA,US,DCA,42727,,129,321159.3,383726.0,113,107.2,406660.0,16,True,False,16,0,,0.0
US-DCA,US,DCA,24655,,126,375503.5,405520.5,113,107.2,406660.0,13,True,False,13,0,,0.0
US-DCA,US,DCA,4356,,125,380824.2,402032.5,113,107.2,406660.0,12,True,False,12,0,,0.0
US-DCA,US,DCA,15423,,123,453757.4,475807.0,113,107.2,406660.0,10,True,False,10,0,,0.0
US-DCA,US,DCA,25809,,121,226134.3,291388.2,113,107.2,406660.0,8,True,False,8,0,,0.0
US-DCA,US,DCA,26555,,121,212943.4,252569.8,113,107.2,406660.0,8,True,False,8,0,,0.0
US-DCA,US,DCA,8375,,120,421872.9,473571.0,113,107.2,406660.0,7,True,False,7,0,,0.0
US-DCA,US,DCA,23768,,118,309888.9,382709.2,113,107.2,406660.0,5,True,False,5,0,,0.0
US-DCA,US,DCA,46555,,118,430922.6,454833.7,113,107.2,406660.0,5,True,False,5,0,,0.0
US-DCA,US,DCA,4798,,117,417237.4,258707.2,113,107.2,406660.0,4,True,False,4,0,,0.0
US-DCA,US,DCA,5027,,116,512894.0,445809.3,113,107.2,406660.0,3,True,False,3,0,,0.0
US-DCA,US,DCA,19244,,116,743890.5,871586.7,113,107.2,406660.0,3,True,False,3,0,,0.0
US-DCA,US,DCA,43972,,116,449523.8,502898.1,113,107.2,406660.0,3,True,False,3,0,,0.0
US-DCA,US,DCA,8514,,115,432885.8,109574.4,113,107.2,406660.0,2,True,False,2,0,,0.0
US-DCA,US,DCA,11560,,114,426696.5,411085.0,113,107.2,406660.0,1,True,False,1,0,,0.0
US-DCA,US,DCA,11034,,114,494037.1,538706.9,113,107.2,406660.0,1,True,False,1,0,,0.0
US-DCA,US,DCA,4251,,8,27647.4,6094.2,113,107.2,406660.0,-105,False,True,0,105,,0.0
US-DCA,US,DCA,15232,,24,118528.4,115279.1,113,107.2,406660.0,-89,False,True,0,89,,0.0
US-DCA,US,DCA,27646,,30,231280.3,307080.6,113,107.2,406660.0,-83,False,True,0,83,,1.0
US-DCA,US,DCA,1583,,31,430608.8,509418.6,113,107.2,406660.0,-82,False,True,0,82,,1.0
US-DCA,US,DCA,11485,,33,303832.7,443305.2,113,107.2,406660.0,-80,False,True,0,80,,0.0
US-DCA,US,DCA,13750,,34,558757.8,699616.1,113,107.2,406660.0,-79,False,True,0,79,,1.0
US-DCA,US,DCA,15429,,35,494151.5,607301.3,113,107.2,406660.0,-78,True,True,0,78,,0.0
US-DCA,US,DCA,18144,,35,338023.1,402065.3,113,107.2,406660.0,-78,False,True,0,78,,0.0
US-DCA,US,DCA,12305,,39,234598.1,331595.4,113,107.2,406660.0,-74,False,True,0,74,,1.0
US-DCA,US,DCA,9784,,39,138714.9,232019.1,113,107.2,406660.0,-74,False,True,0,74,,0.0
US-DCA,US,DCA,25612,,40,628158.3,758166.5,113,107.2,406660.0,-73,False,True,0,73,,
US-DCA,US,DCA,4283,,40,673194.2,854562.8,113,107.2,406660.0,-73,True,True,0,73,,0.0
US-DCA,US,DCA,19138,,40,571163.7,786387.8,113,107.2,406660.0,-73,False,True,0,73,,1.0
US-DCA,US,DCA,5035,,40,514161.8,612819.2,113,107.2,406660.0,-73,False,True,0,73,,1.0
US-DCA,US,DCA,12304,,41,674140.8,955500.5,113,107.2,406660.0,-72,True,True,0,72,,0.0
US-DCA,US,DCA,6413,,41,770058.2,925912.9,113,107.2,406660.0,-72,True,True,0,72,,0.0
US-DCA,US,DCA,8799,,43,365463.9,461958.8,113,107.2,406660.0,-70,False,True,0,70,,0.0
US-DCA,US,DCA,4499,,48,661781.3,815000.3,113,107.2,406660.0,-65,True,True,0,65,,0.0
US-DCA,US,DCA,19070,,48,447719.7,576892.1,113,107.2,406660.0,-65,True,True,0,65,,0.0
US-DCA,US,DCA,7071,,52,331517.1,335081.4,113,107.2,406660.0,-61,False,True,0,61,,0.0
US-DCA,US,DCA,12950,,52,156144.1,324022.0,113,107.2,406660.0,-61,False,True,0,61,,0.0
US-DCA,US,DCA,4814,,52,550304.2,700888.4,113,107.2,406660.0,-61,True,True,0,61,,0.0
US-DCA,US,DCA,26038,,65,434659.3,583587.3,113,107.2,406660.0,-48,True,True,0,48,,0.0
US-DCA,US,DCA,31835,,67,315182.0,377226.0,113,107.2,406660.0,-46,False,True,0,46,,0.0
US-DCA,US,DCA,9810,,75,200465.9,316928.3,113,107.2,406660.0,-38,False,True,0,38,,1.0
US-DCA,US,DCA,42726,,82,269159.6,242987.4,113,107.2,406660.0,-31,False,True,0,31,,0.0
US-DCA,US,DCA,26542,,84,281133.5,284489.3,113,107.2,406660.0,-29,False,True,0,29,,0.0
US-DCA,US,DCA,44976,,85,257853.6,255739.8,113,107.2,406660.0,-28,False,True,0,28,,0.0
US-DCA,US,DCA,17014,,88,255363.1,303424.9,113,107.2,406660.0,-25,False,True,0,25,,0.0
US-DCA,US,DCA,8946,,92,323802.5,342619.4,113,107.2,406660.0,-21,False,True,0,21,,0.0
US-DCA,US,DCA,42461,,92,259391.2,290472.4,113,107.2,406660.0,-21,False,True,0,21,,0.0
US-DCA,US,DCA,30248,,92,183285.0,238487.3,113,107.2,406660.0,-21,False,True,0,21,,0.0
US-DCA,US,DCA,29943,,98,269508.1,371223.4,113,107.2,406660.0,-15,False,True,0,15,,0.0
US-DCA,US,DCA,45364,,101,259924.7,347407.2,113,107.2,406660.0,-12,False,True,0,12,,0.0
US-DCA,US,DCA,15396,,103,306052.3,398899.4,113,107.2,406660.0,-10,False,True,0,10,,0.0
US-DCA,US,DCA,12546,,104,305140.5,286822.1,113,107.2,406660.0,-9,False,True,0,9,,0.0
US-DCA,US,DCA,43467,,104,345534.9,421589.0,113,107.2,406660.0,-9,False,True,0,9,,0.0
US-DCA,US,DCA,14484,,107,251955.5,330820.6,113,107.2,406660.0,-6,False,True,0,6,,0.0
US-DCA,US,DCA,33621,,108,243541.1,296627.1,113,107.2,406660.0,-5,True,True,0,5,,0.0
US-DCA,US,DCA,4360,,109,234972.3,221755.2,113,107.2,406660.0,-4,True,True,0,4,,0.0
US-DCA,US,DCA,9824,,111,220983.4,295172.9,113,107.2,406660.0,-2,True,True,0,2,,0.0
US-DCA,US,DCA,12717,,112,284579.3,342865.3,113,107.2,406660.0,-1,True,True,0,1,,0.0
US-DCA,US,DCA,8507,,113,553577.9,703240.4,113,107.2,406660.0,0,True,False,0,0,,0.0
US-L,US,L,39736,,59,465463.7,686761.9,58,39.7,414474.0,1,True,False,1,0,,1.0
US-L,US,L,32413,,2,273412.0,306757.8,58,39.7,414474.0,-56,False,True,0,56,,0.0
US-L,US,L,11801,,6,213540.7,212344.3,58,39.7,414474.0,-52,False,True,0,52,,12.0
US-L,US,L,40171,,6,698986.2,714383.1,58,39.7,414474.0,-52,False,True,0,52,,19.0
US-L,US,L,34499,,7,371916.9,427577.9,58,39.7,414474.0,-51,False,True,0,51,,11.0
US-L,US,L,19570,,32,419150.9,558471.0,58,39.7,414474.0,-26,True,True,0,26,,1.0
US-L,US,L,17628,,32,453616.6,410495.5,58,39.7,414474.0,-26,True,True,0,26,,1.0
US-L,US,L,15634,,33,274144.6,257338.8,58,39.7,414474.0,-25,False,True,0,25,,2.0
US-L,US,L,45225,,33,368383.9,559300.1,58,39.7,414474.0,-25,False,True,0,25,,0.0
US-L,US,L,15478,,33,134007.1,239775.9,58,39.7,414474.0,-25,False,True,0,25,,0.0
US-L,US,L,17674,,33,273947.5,294202.3,58,39.7,414474.0,-25,False,True,0,25,,1.0
US-L,US,L,26132,,34,235204.0,377015.6,58,39.7,414474.0,-24,False,True,0,24,,0.0
US-L,US,L,14255,,34,505640.5,555729.5,58,39.7,414474.0,-24,False,True,0,24,,3.0
US-L,US,L,25653,,34,479281.8,518943.6,58,39.7,414474.0,-24,False,True,0,24,,
US-L,US,L,26775,,34,662102.1,866016.5,58,39.7,414474.0,-24,False,True,0,24,,2.0
US-L,US,L,30801,,34,496858.2,692364.1,58,39.7,414474.0,-24,False,True,0,24,,2.0
US-L,US,L,31227,,34,322809.0,371111.2,58,39.7,414474.0,-24,False,True,0,24,,3.0
US-L,US,L,40245,,34,439121.9,607297.8,58,39.7,414474.0,-24,False,True,0,24,,2.0
US-L,US,L,40196,,34,582587.7,607813.6,58,39.7,414474.0,-24,True,True,0,24,,1.0
US-L,US,L,34268,,34,515745.7,603997.1,58,39.7,414474.0,-24,True,True,0,24,,1.0
US-L,US,L,12135,,34,300465.9,335590.6,58,39.7,414474.0,-24,False,True,0,24,,2.0
US-L,US,L,32099,,34,128480.1,155496.0,58,39.7,414474.0,-24,False,True,0,24,,1.0
US-L,US,L,23941,,34,288795.2,287228.1,58,39.7,414474.0,-24,False,True,0,24,,0.0
US-L,US,L,4334,,34,554791.0,639459.7,58,39.7,414474.0,-24,True,True,0,24,,0.0
US-L,US,L,26946,,34,273415.0,419302.8,58,39.7,414474.0,-24,False,True,0,24,,1.0
US-L,US,L,31817,,34,312294.7,345476.5,58,39.7,414474.0,-24,False,True,0,24,,2.0
US-L,US,L,36042,,35,1056564.7,1077846.7,58,39.7,414474.0,-23,False,True,0,23,,2.0
US-L,US,L,32814,,35,372971.4,451512.1,58,39.7,414474.0,-23,False,True,0,23,,2.0
US-L,US,L,25621,,35,417468.4,485973.8,58,39.7,414474.0,-23,False,True,0,23,,
US-L,US,L,29222,,35,197107.8,344958.7,58,39.7,414474.0,-23,False,True,0,23,,1.0
US-L,US,L,42921,,35,233528.8,352027.6,58,39.7,414474.0,-23,False,True,0,23,,0.0
US-L,US,L,25580,,35,233918.5,47009.1,58,39.7,414474.0,-23,False,True,0,23,,1.0
US-L,US,L,18917,,35,478177.8,613857.0,58,39.7,414474.0,-23,False,True,0,23,,2.0
US-L,US,L,43735,,35,466949.4,603187.4,58,39.7,414474.0,-23,False,True,0,23,,2.0
US-L,US,L,34462,,35,465575.2,621018.7,58,39.7,414474.0,-23,False,True,0,23,,2.0
US-L,US,L,41678,,35,309971.4,347310.8,58,39.7,414474.0,-23,False,True,0,23,,3.0
US-L,US,L,42760,,35,414844.7,535749.1,58,39.7,414474.0,-23,True,True,0,23,,0.0
US-L,US,L,15230,,35,390213.9,468015.8,58,39.7,414474.0,-23,False,True,0,23,,2.0
US-L,US,L,43967,,35,305942.8,400478.0,58,39.7,414474.0,-23,False,True,0,23,,3.0
US-L,US,L,3316,,35,393167.0,422358.3,58,39.7,414474.0,-23,False,True,0,23,,1.0
US-L,US,L,2580,,35,452644.5,486051.8,58,39.7,414474.0,-23,False,True,0,23,,2.0
US-L,US,L,6297,,35,505094.0,667703.8,58,39.7,414474.0,-23,False,True,0,23,,2.0
US-L,US,L,17645,,35,239516.2,270151.7,58,39.7,414474.0,-23,False,True,0,23,,2.0
US-L,US,L,13755,,35,363856.4,430156.9,58,39.7,414474.0,-23,False,True,0,23,,2.0
US-L,US,L,26473,,35,485025.6,567394.1,58,39.7,414474.0,-23,False,True,0,23,,2.0
US-L,US,L,2778,,35,423357.2,553356.5,58,39.7,414474.0,-23,True,True,0,23,,0.0
US-L,US,L,32553,,35,351685.6,453424.4,58,39.7,414474.0,-23,False,True,0,23,,2.0
US-L,US,L,28951,,35,391947.4,436409.1,58,39.7,414474.0,-23,False,True,0,23,,2.0
US-L,US,L,7167,,35,237082.9,440667.3,58,39.7,414474.0,-23,False,True,0,23,,0.0
US-L,US,L,23204,,35,764500.9,862914.4,58,39.7,414474.0,-23,False,True,0,23,,2.0
US-L,US,L,13214,,35,155781.2,207918.3,58,39.7,414474.0,-23,False,True,0,23,,0.0
US-L,US,L,39135,,35,380979.5,631614.0,58,39.7,414474.0,-23,False,True,0,23,,1.0
US-L,US,L,42791,,35,424275.2,338004.7,58,39.7,414474.0,-23,True,True,0,23,,2.0
US-L,US,L,23240,,35,160694.7,158078.8,58,39.7,414474.0,-23,False,True,0,23,,2.0
US-L,US,L,1071,,35,475487.9,469061.8,58,39.7,414474.0,-23,True,True,0,23,,1.0
US-L,US,L,34430,,36,421638.8,511237.4,58,39.7,414474.0,-22,False,True,0,22,,2.0
US-L,US,L,8524,,36,433715.4,626223.7,58,39.7,414474.0,-22,False,True,0,22,,3.0
US-L,US,L,34457,,36,392906.1,475838.3,58,39.7,414474.0,-22,False,True,0,22,,2.0
US-L,US,L,40829,,36,269110.5,394367.0,58,39.7,414474.0,-22,False,True,0,22,,1.0
US-L,US,L,32880,,36,315843.0,391738.5,58,39.7,414474.0,-22,False,True,0,22,,3.0
US-L,US,L,14472,,36,412916.4,578497.9,58,39.7,414474.0,-22,False,True,0,22,,2.0
US-L,US,L,25544,,36,396673.7,477681.5,58,39.7,414474.0,-22,False,True,0,22,,0.0
US-L,US,L,17350,,36,375185.4,568934.0,58,39.7,414474.0,-22,False,True,0,22,,2.0
US-L,US,L,35203,,36,336928.5,383600.5,58,39.7,414474.0,-22,False,True,0,22,,2.0
US-L,US,L,28368,,36,614235.3,751910.7,58,39.7,414474.0,-22,False,True,0,22,,2.0
US-L,US,L,15970,,36,378921.7,485225.8,58,39.7,414474.0,-22,False,True,0,22,,0.0
US-L,US,L,42751,,36,511899.8,487692.5,58,39.7,414474.0,-22,True,True,0,22,,2.0
US-L,US,L,14267,,36,695881.3,995876.7,58,39.7,414474.0,-22,False,True,0,22,,3.0
US-L,US,L,18138,,36,332070.4,420995.9,58,39.7,414474.0,-22,False,True,0,22,,2.0
US-L,US,L,9656,,36,466155.7,399238.8,58,39.7,414474.0,-22,True,True,0,22,,1.0
US-L,US,L,41838,,36,269511.1,426597.0,58,39.7,414474.0,-22,False,True,0,22,,2.0
US-L,US,L,42449,,36,199657.7,258752.5,58,39.7,414474.0,-22,False,True,0,22,,3.0
US-L,US,L,40822,,36,446852.7,613097.1,58,39.7,414474.0,-22,False,True,0,22,,2.0
US-L,US,L,34511,,36,356033.2,588653.7,58,39.7,414474.0,-22,False,True,0,22,,2.0
US-L,US,L,17113,,36,403955.2,428965.1,58,39.7,414474.0,-22,False,True,0,22,,0.0
US-L,US,L,10346,,36,299623.3,333304.4,58,39.7,414474.0,-22,False,True,0,22,,1.0
US-L,US,L,14476,,37,364639.3,253515.2,58,39.7,414474.0,-21,False,True,0,21,,2.0
US-L,US,L,41837,,37,323859.5,445644.2,58,39.7,414474.0,-21,False,True,0,21,,2.0
US-L,US,L,31302,,37,739230.7,1079714.7,58,39.7,414474.0,-21,True,True,0,21,,0.0
US-L,US,L,10474,,37,348185.9,500387.5,58,39.7,414474.0,-21,False,True,0,21,,2.0
US-L,US,L,32640,,37,327028.3,346695.4,58,39.7,414474.0,-21,False,True,0,21,,2.0
US-L,US,L,40880,,37,332304.2,601748.6,58,39.7,414474.0,-21,False,True,0,21,,2.0
US-L,US,L,40048,,37,314756.8,434323.7,58,39.7,414474.0,-21,False,True,0,21,,2.0
US-L,US,L,25620,,37,481770.1,636740.8,58,39.7,414474.0,-21,False,True,0,21,,
US-L,US,L,22734,,37,253359.3,307109.8,58,39.7,414474.0,-21,False,True,0,21,,1.0
US-L,US,L,20204,,37,253902.2,52907.4,58,39.7,414474.0,-21,False,True,0,21,,2.0
US-L,US,L,17848,,37,229884.8,219251.9,58,39.7,414474.0,-21,False,True,0,21,,0.0
US-L,US,L,1573,,37,541608.2,589954.8,58,39.7,414474.0,-21,True,True,0,21,,0.0
US-L,US,L,23205,,37,452651.6,546994.1,58,39.7,414474.0,-21,True,True,0,21,,1.0
US-L,US,L,25626,,37,558443.6,569100.0,58,39.7,414474.0,-21,False,True,0,21,,
US-L,US,L,18364,,37,272139.0,369940.4,58,39.7,414474.0,-21,False,True,0,21,,1.0
US-L,US,L,24948,,37,445827.0,561737.0,58,39.7,414474.0,-21,False,True,0,21,,2.0
US-L,US,L,39086,,37,338670.9,399098.1,58,39.7,414474.0,-21,False,True,0,21,,1.0
US-L,US,L,44300,,37,347694.6,408294.4,58,39.7,414474.0,-21,False,True,0,21,,0.0
US-L,US,L,12539,,37,418816.8,526350.4,58,39.7,414474.0,-21,True,True,0,21,,1.0
US-L,US,L,26768,,37,288127.3,469870.5,58,39.7,414474.0,-21,False,True,0,21,,1.0
US-L,US,L,41618,,37,429851.5,460868.1,58,39.7,414474.0,-21,False,True,0,21,,2.0
US-L,US,L,3606,,37,391631.7,432407.1,58,39.7,414474.0,-21,False,True,0,21,,3.0
US-L,US,L,3650,,37,957139.1,1092341.7,58,39.7,414474.0,-21,False,True,0,21,,2.0
US-L,US,L,10178,,37,471796.7,615643.2,58,39.7,414474.0,-21,False,True,0,21,,2.0
US-L,US,L,34182,,37,345885.6,373030.6,58,39.7,414474.0,-21,False,True,0,21,,1.0
US-L,US,L,23224,,37,358370.0,398411.9,58,39.7,414474.0,-21,False,True,0,21,,1.0
US-L,US,L,35552,,38,816143.4,773438.6,58,39.7,414474.0,-20,True,True,0,20,,1.0
US-L,US,L,10323,,38,335048.8,489450.3,58,39.7,414474.0,-20,False,True,0,20,,1.0
US-L,US,L,40860,,38,144243.1,296093.3,58,39.7,414474.0,-20,False,True,0,20,,2.0
US-L,US,L,32877,,38,426099.8,523548.0,58,39.7,414474.0,-20,True,True,0,20,,1.0
US-L,US,L,42486,,38,245127.7,294310.9,58,39.7,414474.0,-20,False,True,0,20,,2.0
US-L,US,L,18943,,38,705184.3,797395.5,58,39.7,414474.0,-20,True,True,0,20,,0.0
US-L,US,L,33446,,38,312860.7,271093.9,58,39.7,414474.0,-20,False,True,0,20,,1.0
US-L,US,L,5137,,38,208906.6,309697.5,58,39.7,414474.0,-20,False,True,0,20,,1.0
US-L,US,L,2738,,38,722052.3,806776.7,58,39.7,414474.0,-20,True,True,0,20,,1.0
US-L,US,L,39350,,38,551409.3,774242.1,58,39.7,414474.0,-20,False,True,0,20,,2.0
US-L,US,L,32448,,38,285140.7,381869.0,58,39.7,414474.0,-20,False,True,0,20,,2.0
US-L,US,L,46490,,38,182330.9,245703.2,58,39.7,414474.0,-20,False,True,0,20,,0.0
US-L,US,L,17596,,38,366427.3,380304.4,58,39.7,414474.0,-20,False,True,0,20,,1.0
US-L,US,L,20321,,38,430504.8,499736.1,58,39.7,414474.0,-20,False,True,0,20,,3.0
US-L,US,L,42924,,38,586522.8,470478.0,58,39.7,414474.0,-20,True,True,0,20,,0.0
US-L,US,L,41048,,38,167693.4,259339.5,58,39.7,414474.0,-20,False,True,0,20,,0.0
US-L,US,L,13251,,39,644442.5,705119.9,58,39.7,414474.0,-19,True,True,0,19,,1.0
US-L,US,L,32887,,39,413501.1,466604.7,58,39.7,414474.0,-19,False,True,0,19,,3.0
US-L,US,L,36238,,39,688262.5,762680.7,58,39.7,414474.0,-19,True,True,0,19,,0.0
US-L,US,L,10177,,39,386511.4,369854.1,58,39.7,414474.0,-19,False,True,0,19,,1.0
US-L,US,L,28371,,39,278678.0,341731.6,58,39.7,414474.0,-19,False,True,0,19,,2.0
US-L,US,L,8267,,39,442591.8,538198.9,58,39.7,414474.0,-19,True,True,0,19,,1.0
US-L,US,L,13805,,39,645308.6,682567.1,58,39.7,414474.0,-19,True,True,0,19,,1.0
US-L,US,L,34856,,39,377802.3,370282.5,58,39.7,414474.0,-19,False,True,0,19,,2.0
US-L,US,L,46613,,39,488962.4,661027.4,58,39.7,414474.0,-19,True,True,0,19,,0.0
US-L,US,L,40646,,39,710221.8,736042.7,58,39.7,414474.0,-19,False,True,0,19,,2.0
US-L,US,L,33937,,39,260165.5,352411.1,58,39.7,414474.0,-19,False,True,0,19,,0.0
US-L,US,L,25611,,40,518845.9,743376.3,58,39.7,414474.0,-18,False,True,0,18,,
US-L,US,L,46872,,40,588860.3,698019.5,58,39.7,414474.0,-18,True,True,0,18,,0.0
US-L,US,L,25630,,40,443705.5,495743.6,58,39.7,414474.0,-18,False,True,0,18,,
US-L,US,L,39529,,40,546594.7,517344.3,58,39.7,414474.0,-18,True,True,0,18,,2.0
US-L,US,L,42988,,40,322068.0,567352.2,58,39.7,414474.0,-18,True,True,0,18,,0.0
US-L,US,L,9700,,40,317560.8,374731.6,58,39.7,414474.0,-18,True,True,0,18,,1.0
US-L,US,L,41452,,40,487248.6,535345.4,58,39.7,414474.0,-18,True,True,0,18,,1.0
US-L,US,L,46514,,40,606157.0,741076.2,58,39.7,414474.0,-18,True,True,0,18,,0.0
US-L,US,L,40833,,40,635704.7,976722.1,58,39.7,414474.0,-18,True,True,0,18,,1.0
US-L,US,L,20978,,40,906837.2,949844.2,58,39.7,414474.0,-18,True,True,0,18,,0.0
US-L,US,L,45470,,40,522403.3,805508.7,58,39.7,414474.0,-18,True,True,0,18,,0.0
US-L,US,L,39395,,40,396473.3,394371.5,58,39.7,414474.0,-18,True,True,0,18,,2.0
US-L,US,L,15229,,40,256004.3,351946.3,58,39.7,414474.0,-18,True,True,0,18,,1.0
US-L,US,L,40758,,40,216675.1,288728.0,58,39.7,414474.0,-18,False,True,0,18,,2.0
US-L,US,L,42448,,40,507577.1,446031.0,58,39.7,414474.0,-18,True,True,0,18,,2.0
US-L,US,L,2151,,40,273094.5,330906.0,58,39.7,414474.0,-18,True,True,0,18,,0.0
US-L,US,L,43533,,40,320141.6,368018.1,58,39.7,414474.0,-18,True,True,0,18,,1.0
US-L,US,L,41789,,40,424367.6,538315.2,58,39.7,414474.0,-18,False,True,0,18,,2.0
US-L,US,L,15732,,40,371848.7,365840.3,58,39.7,414474.0,-18,True,True,0,18,,1.0
US-L,US,L,42770,,41,138249.1,187166.4,58,39.7,414474.0,-17,True,True,0,17,,1.0
US-L,US,L,15240,,41,277579.3,312869.2,58,39.7,414474.0,-17,True,True,0,17,,0.0
US-L,US,L,1428,,41,702919.7,796271.4,58,39.7,414474.0,-17,True,True,0,17,,0.0
US-L,US,L,42752,,41,292272.4,321362.6,58,39.7,414474.0,-17,True,True,0,17,,0.0
US-L,US,L,15731,,41,422013.2,455159.2,58,39.7,414474.0,-17,True,True,0,17,,1.0
US-L,US,L,31248,,41,421322.2,692018.3,58,39.7,414474.0,-17,True,True,0,17,,1.0
US-L,US,L,33352,,41,534518.5,758792.4,58,39.7,414474.0,-17,True,True,0,17,,0.0
US-L,US,L,24011,,41,642884.4,654176.7,58,39.7,414474.0,-17,True,True,0,17,,1.0
US-L,US,L,25614,,41,412640.0,418264.9,58,39.7,414474.0,-17,False,True,0,17,,
US-L,US,L,4234,,41,548456.6,680465.9,58,39.7,414474.0,-17,True,True,0,17,,0.0
US-L,US,L,43721,,41,460105.3,677624.2,58,39.7,414474.0,-17,True,True,0,17,,0.0
US-L,US,L,31342,,41,729719.7,871766.1,58,39.7,414474.0,-17,False,True,0,17,,2.0
US-L,US,L,20068,,41,250330.1,285376.5,58,39.7,414474.0,-17,True,True,0,17,,0.0
US-L,US,L,33325,,41,420640.6,676117.9,58,39.7,414474.0,-17,True,True,0,17,,0.0
US-L,US,L,40246,,41,685473.7,655411.3,58,39.7,414474.0,-17,True,True,0,17,,1.0
US-L,US,L,32175,,41,202451.1,280111.6,58,39.7,414474.0,-17,True,True,0,17,,0.0
US-L,US,L,25615,,41,1214603.9,1299505.2,58,39.7,414474.0,-17,False,True,0,17,,
US-L,US,L,25618,,41,354663.4,373857.0,58,39.7,414474.0,-17,False,True,0,17,,
US-L,US,L,38392,,41,931093.7,994750.0,58,39.7,414474.0,-17,True,True,0,17,,0.0
US-L,US,L,46612,,42,419445.7,554407.5,58,39.7,414474.0,-16,True,True,0,16,,0.0
US-L,US,L,23228,,42,467121.9,579849.2,58,39.7,414474.0,-16,True,True,0,16,,0.0
US-L,US,L,27648,,42,467339.6,545958.6,58,39.7,414474.0,-16,True,True,0,16,,1.0
US-L,US,L,40759,,42,416231.2,533675.6,58,39.7,414474.0,-16,False,True,0,16,,2.0
US-L,US,L,12301,,42,296748.9,409851.6,58,39.7,414474.0,-16,False,True,0,16,,2.0
US-L,US,L,25633,,42,738046.9,815646.1,58,39.7,414474.0,-16,False,True,0,16,,
US-L,US,L,20346,,42,306234.2,311674.8,58,39.7,414474.0,-16,True,True,0,16,,0.0
US-L,US,L,18153,,42,257473.4,355945.2,58,39.7,414474.0,-16,True,True,0,16,,1.0
US-L,US,L,31328,,43,335151.8,383725.4,58,39.7,414474.0,-15,True,True,0,15,,1.0
US-L,US,L,16997,,43,398685.0,554457.3,58,39.7,414474.0,-15,True,True,0,15,,0.0
US-L,US,L,45409,,43,192956.4,261423.8,58,39.7,414474.0,-15,True,True,0,15,,0.0
US-L,US,L,39586,,43,477149.1,562945.1,58,39.7,414474.0,-15,False,True,0,15,,2.0
US-L,US,L,38264,,43,293772.2,332770.2,58,39.7,414474.0,-15,True,True,0,15,,1.0
US-L,US,L,45024,,43,496577.2,613803.0,58,39.7,414474.0,-15,True,True,0,15,,1.0
US-L,US,L,45929,,44,560962.1,531531.9,58,39.7,414474.0,-14,True,True,0,14,,0.0
US-L,US,L,39566,,45,263264.7,397599.1,58,39.7,414474.0,-13,True,True,0,13,,1.0
US-L,US,L,1258,,46,589328.5,575318.1,58,39.7,414474.0,-12,True,True,0,12,,2.0
US-L,US,L,42730,,47,594964.8,636074.1,58,39.7,414474.0,-11,True,True,0,11,,0.0
US-L,US,L,41841,,49,140731.5,197837.5,58,39.7,414474.0,-9,True,True,0,9,,0.0
US-L,US,L,17707,,56,472202.3,496530.3,58,39.7,414474.0,-2,False,True,0,2,,2.0
US-L,US,L,41489,,56,330009.8,401868.2,58,39.7,414474.0,-2,False,True,0,2,,2.0
US-L,US,L,34883,,56,411722.2,383750.0,58,39.7,414474.0,-2,True,True,0,2,,2.0
US-L,US,L,39735,,57,221760.5,286718.3,58,39.7,414474.0,-1,False,True,0,1,,2.0
US-L,US,L,43933,,57,348127.0,317559.6,58,39.7,414474.0,-1,True,True,0,1,,2.0
US-L,US,L,17054,,57,543067.8,674105.7,58,39.7,414474.0,-1,False,True,0,1,,3.0
US-L,US,L,3782,,57,377443.5,444545.4,58,39.7,414474.0,-1,False,True,0,1,,2.0
US-L,US,L,40636,,57,313076.2,402318.7,58,39.7,414474.0,-1,False,True,0,1,,2.0
US-L,US,L,18094,,57,247139.5,227660.7,58,39.7,414474.0,-1,True,True,0,1,,1.0
US-L,US,L,30205,,57,585712.2,879627.7,58,39.7,414474.0,-1,False,True,0,1,,2.0
US-L,US,L,17695,,57,374029.1,507588.9,58,39.7,414474.0,-1,True,True,0,1,,0.0
US-L,US,L,19577,,57,416900.0,738900.0,58,39.7,414474.0,-1,False,True,0,1,,3.0
US-L,US,L,30204,,57,243817.0,276134.5,58,39.7,414474.0,-1,False,True,0,1,,2.0
US-L,US,L,41084,,57,626399.1,811239.4,58,39.7,414474.0,-1,True,True,0,1,,0.0
US-L,US,L,26177,,57,263873.4,262401.9,58,39.7,414474.0,-1,True,True,0,1,,2.0
US-L,US,L,28467,,57,294614.9,251596.4,58,39.7,414474.0,-1,True,True,0,1,,2.0
US-L,US,L,44390,,57,303180.3,332748.7,58,39.7,414474.0,-1,True,True,0,1,,1.0
US-L,US,L,41805,,57,897982.7,1003373.4,58,39.7,414474.0,-1,True,True,0,1,,1.0
US-L,US,L,5030,,58,198878.5,293333.1,58,39.7,414474.0,0,True,False,0,0,,1.0
US-L,US,L,45319,,58,228231.1,250035.6,58,39.7,414474.0,0,True,False,0,0,,0.0
US-L,US,L,41010,,58,266103.3,339436.7,58,39.7,414474.0,0,True,False,0,0,,1.0
US-M,US,M,6009,,290,1769836.2,1952360.8,90,98.4,459596.0,200,True,False,200,0,,0.0
US-M,US,M,18251,,190,827301.1,958990.1,90,98.4,459596.0,100,True,False,100,0,,0.0
US-M,US,M,43246,,153,1030218.4,912042.8,90,98.4,459596.0,63,True,False,63,0,,0.0
US-M,US,M,27917,,139,290250.2,301119.6,90,98.4,459596.0,49,True,False,49,0,,0.0
US-M,US,M,45379,,139,404072.9,446017.6,90,98.4,459596.0,49,True,False,49,0,,0.0
US-M,US,M,43655,,137,463324.6,599396.2,90,98.4,459596.0,47,True,False,47,0,,0.0
US-M,US,M,9078,,136,411099.1,531136.9,90,98.4,459596.0,46,True,False,46,0,,0.0
US-M,US,M,40185,,135,621359.2,588327.2,90,98.4,459596.0,45,True,False,45,0,,0.0
US-M,US,M,40949,,133,356522.5,392133.3,90,98.4,459596.0,43,True,False,43,0,,0.0
US-M,US,M,3723,,128,544091.5,666108.6,90,98.4,459596.0,38,True,False,38,0,,0.0
US-M,US,M,9697,,124,746128.7,782478.7,90,98.4,459596.0,34,True,False,34,0,,0.0
US-M,US,M,46850,,115,547882.5,632428.8,90,98.4,459596.0,25,True,False,25,0,,0.0
US-M,US,M,6801,,114,432387.6,81840.4,90,98.4,459596.0,24,True,False,24,0,,0.0
US-M,US,M,23230,,99,485464.4,495452.3,90,98.4,459596.0,9,True,False,9,0,,0.0
US-M,US,M,29640,,98,481526.8,509388.1,90,98.4,459596.0,8,True,False,8,0,,0.0
US-M,US,M,15233,,97,599026.8,733576.7,90,98.4,459596.0,7,True,False,7,0,,0.0
US-M,US,M,6996,,96,535749.1,647790.7,90,98.4,459596.0,6,True,False,6,0,,0.0
US-M,US,M,43193,,96,547660.6,598391.3,90,98.4,459596.0,6,True,False,6,0,,0.0
US-M,US,M,34432,,96,515443.7,498500.2,90,98.4,459596.0,6,True,False,6,0,,1.0
US-M,US,M,45451,,96,462527.7,563213.4,90,98.4,459596.0,6,True,False,6,0,,0.0
US-M,US,M,10673,,95,533093.3,643198.6,90,98.4,459596.0,5,True,False,5,0,,0.0
US-M,US,M,15708,,95,530397.2,642027.2,90,98.4,459596.0,5,True,False,5,0,,0.0
US-M,US,M,21419,,95,462023.2,534457.8,90,98.4,459596.0,5,True,False,5,0,,0.0
US-M,US,M,18409,,95,516599.4,622976.0,90,98.4,459596.0,5,True,False,5,0,,0.0
US-M,US,M,14934,,95,507362.9,589285.1,90,98.4,459596.0,5,True,False,5,0,,0.0
US-M,US,M,4780,,94,515984.1,502819.4,90,98.4,459596.0,4,True,False,4,0,,0.0
US-M,US,M,21144,,94,550942.6,542078.7,90,98.4,459596.0,4,True,False,4,0,,0.0
US-M,US,M,32143,,94,583741.5,564005.4,90,98.4,459596.0,4,True,False,4,0,,2.0
US-M,US,M,9090,,94,624289.9,700129.2,90,98.4,459596.0,4,True,False,4,0,,0.0
US-M,US,M,32163,,94,608344.8,656601.8,90,98.4,459596.0,4,True,False,4,0,,0.0
US-M,US,M,41086,,94,517209.8,633050.4,90,98.4,459596.0,4,True,False,4,0,,0.0
US-M,US,M,40244,,94,477797.8,527299.9,90,98.4,459596.0,4,True,False,4,0,,0.0
US-M,US,M,23227,,93,523172.3,487832.2,90,98.4,459596.0,3,True,False,3,0,,1.0
US-M,US,M,44451,,93,503714.3,554041.1,90,98.4,459596.0,3,True,False,3,0,,0.0
US-M,US,M,44144,,93,659036.4,657699.9,90,98.4,459596.0,3,True,False,3,0,,1.0
US-M,US,M,12076,,92,507958.2,553658.4,90,98.4,459596.0,2,True,False,2,0,,0.0
US-M,US,M,35861,,92,526928.1,736146.1,90,98.4,459596.0,2,True,False,2,0,,0.0
US-M,US,M,24588,,92,482789.2,477064.9,90,98.4,459596.0,2,True,False,2,0,,1.0
US-M,US,M,5648,,7,13800.1,5538.4,90,98.4,459596.0,-83,False,True,0,83,,1.0
US-M,US,M,33722,,43,124155.0,27798.1,90,98.4,459596.0,-47,False,True,0,47,,0.0
US-NAM,US,NAM,9297,,285,89543.0,119404.3,5,16.4,249518.0,280,True,False,280,0,,0.0
US-NAM,US,NAM,32828,,284,63868.7,123081.4,5,16.4,249518.0,279,True,False,279,0,,0.0
US-NAM,US,NAM,19174,,273,53558.7,135593.4,5,16.4,249518.0,268,True,False,268,0,,0.0
US-NAM,US,NAM,7067,,258,66459.4,128339.6,5,16.4,249518.0,253,True,False,253,0,,0.0
US-NAM,US,NAM,32476,,246,38688.0,83978.7,5,16.4,249518.0,241,True,False,241,0,,0.0
US-NAM,US,NAM,29938,,42,171573.1,189530.6,5,16.4,249518.0,37,True,False,37,0,,0.0
US-NAM,US,NAM,7087,,41,155648.1,186715.2,5,16.4,249518.0,36,True,False,36,0,,0.0
US-NAM,US,NAM,18722,,41,201276.8,157070.6,5,16.4,249518.0,36,True,False,36,0,,1.0
US-NAM,US,NAM,32875,,41,130022.1,121857.2,5,16.4,249518.0,36,True,False,36,0,,2.0
US-NAM,US,NAM,41836,,40,178892.5,195968.6,5,16.4,249518.0,35,True,False,35,0,,0.0
US-NAM,US,NAM,16382,,40,101098.3,135846.2,5,16.4,249518.0,35,True,False,35,0,,0.0
US-NAM,US,NAM,42472,,38,161989.7,129354.6,5,16.4,249518.0,33,True,False,33,0,,0.0
US-NAM,US,NAM,41846,,37,210277.8,254170.1,5,16.4,249518.0,32,True,False,32,0,,0.0
US-NAM,US,NAM,6440,,37,211328.4,223254.2,5,16.4,249518.0,32,True,False,32,0,,0.0
US-NAM,US,NAM,41617,,36,160141.7,162138.7,5,16.4,249518.0,31,True,False,31,0,,0.0
US-NAM,US,NAM,41659,,33,158076.0,209712.3,5,16.4,249518.0,28,True,False,28,0,,0.0
US-NAM,US,NAM,42570,,32,198398.0,239127.0,5,16.4,249518.0,27,True,False,27,0,,0.0
US-NAM,US,NAM,41718,,32,239866.2,254153.6,5,16.4,249518.0,27,True,False,27,0,,0.0
US-NAM,US,NAM,28524,,31,96617.9,88208.1,5,16.4,249518.0,26,True,False,26,0,,1.0
US-NAM,US,NAM,16303,,31,285980.2,386605.2,5,16.4,249518.0,26,True,False,26,0,,0.0
US-NAM,US,NAM,9662,,29,128356.7,161981.6,5,16.4,249518.0,24,True,False,24,0,,0.0
US-NAM,US,NAM,45338,,29,193000.5,198493.5,5,16.4,249518.0,24,True,False,24,0,,0.0
US-NAM,US,NAM,5416,,26,199755.0,216499.5,5,16.4,249518.0,21,True,False,21,0,,0.0
US-NAM,US,NAM,16707,,26,181131.6,213176.8,5,16.4,249518.0,21,True,False,21,0,,0.0
US-NAM,US,NAM,42639,,24,120436.2,184931.3,5,16.4,249518.0,19,True,False,19,0,,0.0
US-NAM,US,NAM,7308,,24,272723.0,399571.8,5,16.4,249518.0,19,True,False,19,0,,0.0
US-NAM,US,NAM,3778,,24,152134.7,197731.3,5,16.4,249518.0,19,True,False,19,0,,0.0
US-NAM,US,NAM,8346,,23,118192.6,175683.6,5,16.4,249518.0,18,True,False,18,0,,0.0
US-NAM,US,NAM,13213,,23,122901.3,157079.3,5,16.4,249518.0,18,True,False,18,0,,0.0
US-NAM,US,NAM,10467,,22,141126.8,151441.2,5,16.4,249518.0,17,True,False,17,0,,0.0
US-NAM,US,NAM,6061,,22,73612.5,112006.1,5,16.4,249518.0,17,True,False,17,0,,0.0
US-NAM,US,NAM,1647,,21,145977.8,161048.8,5,16.4,249518.0,16,True,False,16,0,,0.0
US-NAM,US,NAM,16307,,21,22338.2,46320.3,5,16.4,249518.0,16,True,False,16,0,,0.0
US-NAM,US,NAM,5454,,21,218806.2,210505.6,5,16.4,249518.0,16,True,False,16,0,,0.0
US-NAM,US,NAM,44012,,20,194256.2,266805.8,5,16.4,249518.0,15,True,False,15,0,,0.0
US-NAM,US,NAM,40905,,20,113969.2,126180.5,5,16.4,249518.0,15,True,False,15,0,,0.0
US-NAM,US,NAM,16305,,20,88199.3,60107.1,5,16.4,249518.0,15,True,False,15,0,,0.0
US-NAM,US,NAM,31076,,20,86311.3,111208.5,5,16.4,249518.0,15,True,False,15,0,,0.0
US-NAM,US,NAM,19890,,20,80685.0,131471.1,5,16.4,249518.0,15,True,False,15,0,,0.0
US-NAM,US,NAM,1992,,20,116301.6,127633.4,5,16.4,249518.0,15,True,False,15,0,,0.0
US-NAM,US,NAM,15608,,19,60196.1,67806.5,5,16.4,249518.0,14,True,False,14,0,,0.0
US-NAM,US,NAM,41845,,19,113456.3,109460.8,5,16.4,249518.0,14,True,False,14,0,,0.0
US-NAM,US,NAM,45264,,19,64763.5,98325.0,5,16.4,249518.0,14,True,False,14,0,,0.0
US-NAM,US,NAM,20308,,19,134881.0,157580.8,5,16.4,249518.0,14,True,False,14,0,,0.0
US-NAM,US,NAM,18501,,19,88421.8,89509.4,5,16.4,249518.0,14,True,False,14,0,,0.0
US-NAM,US,NAM,30550,,18,20653.3,12344.0,5,16.4,249518.0,13,True,False,13,0,,0.0
US-NAM,US,NAM,1133,,18,145307.7,121440.9,5,16.4,249518.0,13,True,False,13,0,,0.0
US-NAM,US,NAM,17547,,17,32312.2,52752.3,5,16.4,249518.0,12,True,False,12,0,,0.0
US-NAM,US,NAM,10351,,17,75742.5,89208.6,5,16.4,249518.0,12,True,False,12,0,,0.0
US-NAM,US,NAM,528,,17,211674.8,228570.7,5,16.4,249518.0,12,True,False,12,0,,0.0
US-NAM,US,NAM,36034,,17,95416.3,89306.8,5,16.4,249518.0,12,True,False,12,0,,0.0
US-NAM,US,NAM,41741,,15,312698.4,452841.0,5,16.4,249518.0,10,True,False,10,0,,0.0
US-NAM,US,NAM,18326,,15,3120826.9,1234659.7,5,16.4,249518.0,10,True,False,10,0,,0.0
US-NAM,US,NAM,8606,,10,333490.9,300277.6,5,16.4,249518.0,5,True,False,5,0,,0.0
US-NAM,US,NAM,46460,,10,351099.3,545263.9,5,16.4,249518.0,5,True,False,5,0,,0.0
US-NAM,US,NAM,46240,,10,318267.8,312311.8,5,16.4,249518.0,5,True,False,5,0,,0.0
US-NAM,US,NAM,23446,,10,256167.4,338178.2,5,16.4,249518.0,5,True,False,5,0,,0.0
US-NAM,US,NAM,40910,,10,253829.5,294421.7,5,16.4,249518.0,5,True,False,5,0,,0.0
US-NAM,US,NAM,34838,,9,257841.3,340110.2,5,16.4,249518.0,4,True,False,4,0,,0.0
US-NAM,US,NAM,29614,,9,265877.4,349642.1,5,16.4,249518.0,4,True,False,4,0,,0.0
US-NAM,US,NAM,39534,,9,276099.1,198215.1,5,16.4,249518.0,4,True,False,4,0,,0.0
US-NAM,US,NAM,40909,,8,399559.6,497464.2,5,16.4,249518.0,3,True,False,3,0,,0.0
US-NAM,US,NAM,14542,,8,359858.4,546007.1,5,16.4,249518.0,3,True,False,3,0,,0.0
US-NAM,US,NAM,10769,,8,384522.5,463823.5,5,16.4,249518.0,3,True,False,3,0,,0.0
US-NAM,US,NAM,5666,,8,346337.0,392978.3,5,16.4,249518.0,3,True,False,3,0,,0.0
US-NAM,US,NAM,23715,,8,443835.5,504320.2,5,16.4,249518.0,3,True,False,3,0,,0.0
US-NAM,US,NAM,14546,,8,464213.8,568248.8,5,16.4,249518.0,3,True,False,3,0,,0.0
US-NAM,US,NAM,24095,,8,372045.4,446300.5,5,16.4,249518.0,3,True,False,3,0,,0.0
US-NAM,US,NAM,29892,,8,292370.1,420258.9,5,16.4,249518.0,3,True,False,3,0,,0.0
US-NAM,US,NAM,23721,,7,271705.4,303568.7,5,16.4,249518.0,2,True,False,2,0,,0.0
US-NAM,US,NAM,3485,,7,414658.0,430441.7,5,16.4,249518.0,2,True,False,2,0,,0.0
US-NAM,US,NAM,3426,,6,583795.7,688469.6,5,16.4,249518.0,1,True,False,1,0,,0.0
US-NAM,US,NAM,3898,,6,363682.2,510076.7,5,16.4,249518.0,1,True,False,1,0,,0.0
US-NAM,US,NAM,23787,,6,303333.4,403546.0,5,16.4,249518.0,1,True,False,1,0,,0.0
US-NAM,US,NAM,30167,,6,262353.8,463810.7,5,16.4,249518.0,1,True,False,1,0,,0.0
US-NAM,US,NAM,9927,,6,483002.3,552497.4,5,16.4,249518.0,1,True,False,1,0,,0.0
US-NAM,US,NAM,24658,,6,394568.4,518903.4,5,16.4,249518.0,1,True,False,1,0,,0.0
US-NAM,US,NAM,30213,,6,780343.3,1238869.2,5,16.4,249518.0,1,True,False,1,0,,0.0
US-NAM,US,NAM,2154,,1,3298103.1,5374739.1,5,16.4,249518.0,-4,False,True,0,4,,4.0
US-NAM,US,NAM,4076,,1,242498.4,519141.6,5,16.4,249518.0,-4,False,True,0,4,,0.0
US-NAM,US,NAM,17349,,1,21761.4,38472.8,5,16.4,249518.0,-4,False,True,0,4,,0.0
US-NAM,US,NAM,2571,,1,15463.4,19561.5,5,16.4,249518.0,-4,False,True,0,4,,1.0
US-NAM,US,NAM,7650,,2,40840.5,31727.4,5,16.4,249518.0,-3,False,True,0,3,,0.0
US-NAM,US,NAM,13477,,2,35542.5,46356.2,5,16.4,249518.0,-3,False,True,0,3,,0.0
US-NAM,US,NAM,3900,,2,577065.3,2012639.7,5,16.4,249518.0,-3,True,True,0,3,,0.0
US-NAM,US,NAM,8770,,2,248743.1,330156.8,5,16.4,249518.0,-3,False,True,0,3,,0.0
US-NAM,US,NAM,13478,,2,33577.9,40128.2,5,16.4,249518.0,-3,False,True,0,3,,0.0
US-NAM,US,NAM,19169,,2,174087.8,261447.9,5,16.4,249518.0,-3,False,True,0,3,,0.0
US-NAM,US,NAM,6672,,2,551805.5,789653.6,5,16.4,249518.0,-3,True,True,0,3,,0.0
US-NAM,US,NAM,7309,,2,154182.7,169022.3,5,16.4,249518.0,-3,False,True,0,3,,0.0
US-NAM,US,NAM,4667,,3,1254653.3,1540393.3,5,16.4,249518.0,-2,True,True,0,2,,0.0
US-NAM,US,NAM,2718,,3,650229.7,1130410.6,5,16.4,249518.0,-2,True,True,0,2,,0.0
US-NAM,US,NAM,27637,,3,254719.2,245222.2,5,16.4,249518.0,-2,True,True,0,2,,0.0
US-NAM,US,NAM,13476,,3,92207.5,159000.2,5,16.4,249518.0,-2,False,True,0,2,,0.0
US-NAM,US,NAM,379,,3,30803.2,57278.9,5,16.4,249518.0,-2,False,True,0,2,,0.0
US-NAM,US,NAM,8465,,3,120361.5,91695.7,5,16.4,249518.0,-2,False,True,0,2,,0.0
US-NAM,US,NAM,45457,,3,49696.3,56392.4,5,16.4,249518.0,-2,False,True,0,2,,0.0
US-NAM,US,NAM,14426,,3,85611.2,87650.8,5,16.4,249518.0,-2,False,True,0,2,,0.0
US-NAM,US,NAM,30175,,3,321068.9,275408.2,5,16.4,249518.0,-2,True,True,0,2,,0.0
US-NAM,US,NAM,30217,,3,22091.8,25159.0,5,16.4,249518.0,-2,False,True,0,2,,0.0
US-NAM,US,NAM,30830,,3,7537.8,11111.4,5,16.4,249518.0,-2,False,True,0,2,,0.0
US-NAM,US,NAM,5465,,3,460266.3,645537.7,5,16.4,249518.0,-2,True,True,0,2,,0.0
US-NAM,US,NAM,25638,,3,186833.2,33278.4,5,16.4,249518.0,-2,False,True,0,2,,
US-NAM,US,NAM,5268,,3,665286.7,604883.9,5,16.4,249518.0,-2,True,True,0,2,,0.0
US-NAM,US,NAM,795,,3,314043.4,625567.1,5,16.4,249518.0,-2,True,True,0,2,,0.0
US-NAM,US,NAM,12637,,3,57347.5,181933.2,5,16.4,249518.0,-2,False,True,0,2,,0.0
US-NAM,US,NAM,1049,,3,662704.4,1087090.1,5,16.4,249518.0,-2,True,True,0,2,,0.0
US-NAM,US,NAM,12216,,3,378709.2,325826.3,5,16.4,249518.0,-2,True,True,0,2,,0.0
US-NAM,US,NAM,2276,,3,98320.4,104288.0,5,16.4,249518.0,-2,False,True,0,2,,0.0
US-NAM,US,NAM,30464,,3,85763.2,52140.1,5,16.4,249518.0,-2,False,True,0,2,,0.0
US-NAM,US,NAM,15621,,3,329890.1,397601.7,5,16.4,249518.0,-2,True,True,0,2,,0.0
US-NAM,US,NAM,7389,,3,7982.7,41957.1,5,16.4,249518.0,-2,False,True,0,2,,0.0
US-NAM,US,NAM,41622,,4,83561.2,290234.7,5,16.4,249518.0,-1,False,True,0,1,,0.0
US-NAM,US,NAM,9926,,4,942236.6,1043849.9,5,16.4,249518.0,-1,True,True,0,1,,0.0
US-NAM,US,NAM,2719,,4,2388174.9,3787386.5,5,16.4,249518.0,-1,True,True,0,1,,0.0
US-NAM,US,NAM,15041,,4,62178.4,50843.9,5,16.4,249518.0,-1,False,True,0,1,,0.0
US-NAM,US,NAM,1909,,4,42577.2,87141.9,5,16.4,249518.0,-1,False,True,0,1,,0.0
US-NAM,US,NAM,18784,,4,1670015.7,1777017.8,5,16.4,249518.0,-1,True,True,0,1,,0.0
US-NAM,US,NAM,3486,,4,221772.6,268354.7,5,16.4,249518.0,-1,False,True,0,1,,0.0
US-NAM,US,NAM,23788,,4,131794.5,398170.3,5,16.4,249518.0,-1,False,True,0,1,,0.0
US-NAM,US,NAM,1277,,4,528563.5,567738.5,5,16.4,249518.0,-1,True,True,0,1,,0.0
US-NAM,US,NAM,3158,,4,337367.6,317690.7,5,16.4,249518.0,-1,True,True,0,1,,0.0
US-NAM,US,NAM,10890,,4,45431.1,14616.5,5,16.4,249518.0,-1,False,True,0,1,,0.0
US-NAM,US,NAM,4792,,4,290065.6,426881.1,5,16.4,249518.0,-1,True,True,0,1,,0.0
US-NAM,US,NAM,7316,,4,633036.3,699955.9,5,16.4,249518.0,-1,True,True,0,1,,0.0
US-NAM,US,NAM,5034,,4,182973.9,270600.6,5,16.4,249518.0,-1,False,True,0,1,,0.0
US-NAM,US,NAM,1549,,4,82201.5,88636.7,5,16.4,249518.0,-1,False,True,0,1,,0.0
US-NAM,US,NAM,17283,,4,791350.1,1589369.5,5,16.4,249518.0,-1,True,True,0,1,,0.0
US-NAM,US,NAM,6305,,4,510420.3,719831.7,5,16.4,249518.0,-1,True,True,0,1,,0.0
US-NAM,US,NAM,4501,,4,769232.9,986807.3,5,16.4,249518.0,-1,True,True,0,1,,0.0
US-NAM,US,NAM,19007,,4,129731.9,126889.9,5,16.4,249518.0,-1,False,True,0,1,,0.0
US-NAM,US,NAM,1799,,4,553452.0,672878.0,5,16.4,249518.0,-1,True,True,0,1,,0.0
US-NAM,US,NAM,2782,,4,49963.5,56005.2,5,16.4,249518.0,-1,False,True,0,1,,0.0
US-NAM,US,NAM,30218,,4,118701.2,157464.3,5,16.4,249518.0,-1,False,True,0,1,,0.0
US-NAM,US,NAM,30216,,4,119333.1,150159.7,5,16.4,249518.0,-1,False,True,0,1,,0.0
US-NAM,US,NAM,9925,,4,46868.8,41263.5,5,16.4,249518.0,-1,False,True,0,1,,0.0
US-NAM,US,NAM,7574,,4,1422086.4,1166825.5,5,16.4,249518.0,-1,True,True,0,1,,0.0
US-NAM,US,NAM,27767,,4,41862.2,35977.7,5,16.4,249518.0,-1,False,True,0,1,,0.0
US-NAM,US,NAM,17822,,5,1676099.7,2914380.0,5,16.4,249518.0,0,True,False,0,0,,0.0
US-NAM,US,NAM,842,,5,919502.6,1125518.6,5,16.4,249518.0,0,True,False,0,0,,0.0
US-NAM,US,NAM,2515,,5,319967.7,275532.0,5,16.4,249518.0,0,True,False,0,0,,0.0
US-NAM,US,NAM,29952,,5,610520.4,738197.2,5,16.4,249518.0,0,True,False,0,0,,0.0
US-UMM,US,UMM,3071,,123,752049.3,867615.9,58,61.4,390787.0,65,True,False,65,0,,0.0
US-UMM,US,UMM,43966,,65,392103.6,373692.0,58,61.4,390787.0,7,True,False,7,0,,1.0
US-UMM,US,UMM,12990,,65,374330.0,387658.0,58,61.4,390787.0,7,True,False,7,0,,0.0
US-UMM,US,UMM,31053,,65,496554.6,654927.3,58,61.4,390787.0,7,True,False,7,0,,0.0
US-UMM,US,UMM,39361,,65,309760.8,294936.4,58,61.4,390787.0,7,True,False,7,0,,1.0
US-UMM,US,UMM,10674,,64,363220.7,480551.8,58,61.4,390787.0,6,True,False,6,0,,0.0
US-UMM,US,UMM,11158,,63,506320.2,475051.1,58,61.4,390787.0,5,True,False,5,0,,1.0
US-UMM,US,UMM,43930,,63,261839.0,220510.6,58,61.4,390787.0,5,True,False,5,0,,0.0
US-UMM,US,UMM,34173,,63,271719.5,264513.1,58,61.4,390787.0,5,True,False,5,0,,1.0
US-UMM,US,UMM,46546,,62,284110.3,306640.9,58,61.4,390787.0,4,True,False,4,0,,0.0
US-UMM,US,UMM,46817,,62,346881.5,418615.2,58,61.4,390787.0,4,True,False,4,0,,0.0
US-UMM,US,UMM,11567,,62,502413.8,644915.6,58,61.4,390787.0,4,True,False,4,0,,0.0
US-UMM,US,UMM,46553,,62,232429.0,328186.3,58,61.4,390787.0,4,True,False,4,0,,0.0
US-UMM,US,UMM,9399,,62,174115.4,200528.7,58,61.4,390787.0,4,True,False,4,0,,0.0
US-UMM,US,UMM,32111,,62,385177.3,367954.8,58,61.4,390787.0,4,True,False,4,0,,0.0
US-UMM,US,UMM,4795,,62,343923.4,308191.7,58,61.4,390787.0,4,True,False,4,0,,0.0
US-UMM,US,UMM,19348,,62,303681.1,365956.4,58,61.4,390787.0,4,True,False,4,0,,0.0
US-UMM,US,UMM,46515,,62,502017.4,798921.2,58,61.4,390787.0,4,True,False,4,0,,0.0
US-UMM,US,UMM,4431,,62,523770.4,697788.7,58,61.4,390787.0,4,True,False,4,0,,0.0
US-UMM,US,UMM,13118,,62,232720.0,200586.2,58,61.4,390787.0,4,True,False,4,0,,1.0
US-UMM,US,UMM,36375,,61,465067.7,445814.3,58,61.4,390787.0,3,True,False,3,0,,2.0
US-UMM,US,UMM,4375,,61,514251.8,764763.5,58,61.4,390787.0,3,True,False,3,0,,0.0
US-UMM,US,UMM,16992,,61,496613.7,469792.0,58,61.4,390787.0,3,True,False,3,0,,1.0
US-UMM,US,UMM,18367,,60,594307.0,799759.8,58,61.4,390787.0,2,True,False,2,0,,0.0
US-UMM,US,UMM,17244,,60,406910.0,531905.4,58,61.4,390787.0,2,True,False,2,0,,0.0
US-UMM,US,UMM,35758,,60,665637.1,583624.9,58,61.4,390787.0,2,True,False,2,0,,1.0
US-UMM,US,UMM,34180,,59,520487.9,535404.3,58,61.4,390787.0,1,True,False,1,0,,0.0
US-UMM,US,UMM,895,,59,419651.4,437719.0,58,61.4,390787.0,1,True,False,1,0,,0.0
US-UMM,US,UMM,26480,,59,600680.6,511605.8,58,61.4,390787.0,1,True,False,1,0,,1.0
US-UMM,US,UMM,910,,59,427454.3,528578.3,58,61.4,390787.0,1,True,False,1,0,,0.0
US-UMM,US,UMM,34492,,59,392300.6,515733.9,58,61.4,390787.0,1,True,False,1,0,,0.0
US-UMM,US,UMM,34460,,59,399693.6,406462.9,58,61.4,390787.0,1,True,False,1,0,,0.0
US-UMM,US,UMM,15241,,56,428937.5,438387.4,58,61.4,390787.0,-2,False,True,0,2,,1.0
US-UMM,US,UMM,23657,,57,561615.8,612360.4,58,61.4,390787.0,-1,False,True,0,1,,2.0
US-UMM,US,UMM,2468,,58,392794.4,638104.5,58,61.4,390787.0,0,True,False,0,0,,0.0
