country,segment,sales_rep_id,sales_team_name,jobs_90d,rev_per_job,revenue_90d,pqr_90d
AU,ACC,5101,AU-NAM-ACCDE-SYD-1,92845,0.6,60185.4,40194.8
AU,ACC,6383,AU-NAM-ACCDE-SYD-1,38204,0.4,15798.7,13250.1
AU,ACC,9208,AU-M-ACCDE-SYD-1,31053,3.8,117882.5,126683.6
AU,ACC,13758,AU-M-ACCDE-SYD-1,17645,3.3,57689.3,63998.0
AU,ACC,17704,AU-NAM-ACCDE-SYD-1,77929,0.5,40521.2,21485.9
AU,ACC,18351,AU-M-ACCDE-SYD-1,28661,2.9,84205.7,62822.9
AU,ACC,24772,AU-M-ACCDE-SYD-1,46863,1.8,83425.1,78579.6
AU,ACC,25650,AU-M-ACCDE-SYD-1,15093,3.1,46590.0,62452.8
AU,ACC,30398,AU-M-ACCDE-SYD-1,25464,3.6,92342.7,80095.9
AU,ACC,35451,AU-NAM-ACCDE-SYD-1,121561,0.2,27353.2,18464.5
AU,ACC,43078,AU-M-ACCDE-SYD-1,20501,3.7,75951.3,89038.5
AU,ACC,43720,AU-M-ACCDE-SYD-1,42695,1.3,57555.9,55963.9
AU,NAM,8861,AU-NAM-ACCSA-SYD-1,28155,0.4,10495.8,8816.7
AU,NAM,14665,AU-NAM-ACCSA-SYD-1,56243,0.2,13696.5,8623.3
AU,NAM,20039,AU-NAM-ACCSA-SYD-1,39530,0.5,18382.5,21864.2
AU,NAM,25018,AU-NAM-ACCSA-SYD-1,56598,0.4,21920.8,11285.8
BNL,ACC,4940,BE-NAM-ACCDE-BRU-1,11277,4.5,50922.3,24322.9
BNL,ACC,5286,NL-M-ACCDE-AMS-2,10848,5.8,63207.4,36660.6
BNL,ACC,6493,NL-M-ACCDE-AMS-2,14796,6.4,94057.2,26333.4
BNL,ACC,8128,BE-NAM-ACCDE-BRU-1,24370,1.8,43020.9,24829.2
BNL,ACC,8673,NL-M-ACCDE-AMS-2,8674,8.7,75594.8,60899.0
BNL,ACC,8834,NL-NAM-ACCDE-AMS-1,28621,0.7,20076.2,17167.8
BNL,ACC,10379,NL-M-ACCDE-AMS-2,13555,3.3,44186.4,32463.8
BNL,ACC,10493,NL-NAM-ACCDE-AMS-1,29000,0.8,22676.1,10420.9
BNL,ACC,13541,BE-NAM-ACCDE-BRU-1,11573,7.6,88115.0,50734.6
BNL,ACC,14772,NL-M-ACCDE-AMS-2,23124,2.0,45303.4,42488.0
BNL,ACC,14813,BE-NAM-ACCDE-BRU-1,4680,20.8,97199.1,71407.8
BNL,ACC,16472,NL-NAM-ACCDE-AMS-1,25522,1.2,29544.9,17598.2
BNL,ACC,16516,BE-NAM-ACCDE-BRU-1,23820,2.2,53141.9,37194.0
BNL,ACC,16573,NL-M-ACCDE-AMS-2,12172,5.8,70027.2,38150.5
BNL,ACC,17142,BE-M-ACCDE-BRU-1,22051,2.7,59074.8,36731.5
BNL,ACC,19507,BE-M-ACCDE-BRU-1,143039,0.5,74555.3,61204.4
BNL,ACC,19806,BE-M-ACCDE-BRU-1,6119,11.4,69472.8,51363.6
BNL,ACC,27047,BE-NAM-ACCDE-BRU-1,4696,23.7,111479.6,103958.5
BNL,ACC,31700,NL-M-ACCDE-DUB-1,10701,5.4,57796.1,29701.1
BNL,ACC,35575,NL-M-ACCDE-DUB-1,7814,10.0,78311.1,66254.9
BNL,ACC,42831,BE-M-ACCDE-BRU-1,14384,4.6,66066.7,57142.2
BNL,ACC,43160,BE-M-ACCDE-BRU-1,4257,15.2,64640.8,39214.2
BNL,ACC,44003,BE-M-ACCDE-BRU-1,3112,34.1,106172.2,60360.9
BNL,ACC,46334,BE-M-ACCDE-BRU-1,2924,15.4,44896.9,40109.9
BNL,ISDCA,30907,NL-ISDCA-DE-DUB-1,13532,16.5,223223.5,15234.5
BNL,L,3638,NL-L-SA-DUB-1,20030,6.7,134913.1,138478.0
BNL,L,6382,NL-L-DE-AMS-1,38839,3.1,118894.8,75409.6
BNL,L,9479,NL-L-DE-AMS-1,17851,7.2,128308.2,127323.8
BNL,L,16517,BE-L-SA-BRU-1,21715,1.1,23261.1,35614.4
BNL,L,17951,NL-L-DE-AMS-1,45123,1.9,86967.1,70205.1
BNL,L,28956,NL-L-DE-AMS-1,20958,8.1,169318.5,149402.1
BNL,L,33964,NL-L-SA-DUB-1,31243,6.8,211904.5,154615.2
BNL,L,35143,NL-L-SA-DUB-1,20938,6.6,137232.2,117498.8
BNL,L,36246,NL-L-SA-DUB-1,23924,5.2,123736.6,128765.4
BNL,L,39849,BE-L-SA-BRU-1,16619,1.3,21226.8,21340.3
BNL,L,42609,NL-L-DE-AMS-1,15343,8.6,131314.1,103972.3
BNL,M,6393,NL-M-DE-DUB-1,10388,50.8,527724.9,427966.0
BNL,M,6585,NL-M-DE-DUB-2,8979,55.2,495861.5,374846.4
BNL,M,6917,NL-M-PSE-AMS-1,13032,2.5,32517.1,20272.2
BNL,M,9379,NL-M-DE-AMS-1,7107,81.4,578337.4,465234.1
BNL,M,12914,NL-M-DE-AMS-1,17871,28.6,510544.0,511643.3
BNL,M,13680,NL-M-DE-AMS-1,8743,48.5,424348.0,355596.1
BNL,M,15870,NL-M-SA-DUB-1,18891,10.5,199184.6,215958.9
BNL,M,18422,NL-M-DE-AMS-1,8851,51.3,453874.8,348755.2
BNL,M,19493,NL-M-DE-DUB-1,12358,37.5,463109.5,360673.6
BNL,M,21208,NL-M-DE-DUB-2,24425,16.8,411327.3,369796.0
BNL,M,30795,NL-M-DE-DUB-2,15676,28.0,438245.7,380323.5
BNL,M,31711,NL-M-PSE-AMS-1,24072,3.3,79806.3,66522.4
BNL,M,32064,NL-M-SA-DUB-1,16628,11.9,197871.5,176171.7
BNL,M,35817,NL-M-DE-DUB-1,11434,46.9,535746.6,380053.1
BNL,M,38440,NL-M-SA-DUB-1,19505,11.6,226985.9,236077.0
BNL,M,40233,NL-M-DE-DUB-2,6406,62.7,401846.5,356383.0
BNL,M,41428,NL-M-SA-DUB-1,35327,1.0,36225.2,20108.1
BNL,M,42904,NL-M-SA-DUB-1,13389,16.6,221915.6,187050.9
BNL,M,44931,NL-M-DE-DUB-1,11168,43.6,487304.4,393379.4
BNL,M,45182,NL-M-DE-DUB-1,9982,47.4,472963.6,386296.4
BNL,NAM,2609,NL-NAM-ACCSA-AMS-1,78493,0.6,49349.0,26686.2
BNL,NAM,2769,NL-NAM-SA-AMS-1,217077,0.3,61486.8,53285.0
BNL,NAM,3735,NL-NAM-SA-AMS-2,89037,1.5,131060.1,82194.9
BNL,NAM,6572,NL-NAM-B2B-AMS-1,48813,0.3,16152.8,29830.8
BNL,NAM,6949,NL-NAM-SA-AMS-2,175406,0.6,110303.3,92528.3
BNL,NAM,6950,NL-NAM-RHLOG-AMS-1,8446,1.7,14495.1,25682.6
BNL,NAM,7652,NL-NAM-B2B-AMS-1,10494,3.7,39277.0,22642.1
BNL,NAM,8757,NL-NAM-PSE-AMS-1,9037,10.6,96066.0,17318.5
BNL,NAM,8835,NL-NAM-SA-AMS-1,90594,0.5,42470.2,33558.0
BNL,NAM,8842,NL-NAM-RHLOG-AMS-1,16729,2.3,38214.8,27827.1
BNL,NAM,9592,NL-NAM-B2B-AMS-1,10935,34.7,379593.2,10509.2
BNL,NAM,9828,NL-NAM-B2B-AMS-1,23037,2.5,57368.9,12951.4
BNL,NAM,9895,BE-NAM-PSE-BRU-1,81815,0.9,76370.0,81305.4
BNL,NAM,10014,NL-NAM-RHLOG-AMS-1,21107,1.3,27694.2,13697.0
BNL,NAM,10018,NL-NAM-RHLOG-AMS-1,32916,0.9,30578.8,28395.1
BNL,NAM,10233,BE-NAM-ACCSA-BRU-1,124498,0.3,35495.9,24619.5
BNL,NAM,11636,NL-NAM-RHLOG-AMS-1,38846,15.8,614842.8,313669.7
BNL,NAM,14732,BE-NAM-ACCSA-BRU-1,136515,0.6,88207.1,76962.2
BNL,NAM,15055,NL-NAM-ACCSA-AMS-1,56471,0.3,15951.1,21308.0
BNL,NAM,15382,NL-NAM-SA-AMS-1,43548,0.8,34120.0,36862.9
BNL,NAM,16506,NL-NAM-SA-AMS-1,153908,0.8,120721.7,48128.0
BNL,NAM,17728,NL-NAM-B2B-AMS-1,11436,5.9,67529.6,59869.8
BNL,NAM,18845,BE-NAM-ACCSA-BRU-1,138429,0.1,15446.6,17618.1
BNL,NAM,25654,NL-NAM-PSE-AMS-2,22836,1.0,21898.8,17295.1
BNL,NAM,34395,BE-NAM-ACCSA-BRU-1,117165,0.1,6550.6,6579.5
BNL,NAM,34781,NL-NAM-SA-AMS-1,35407,2.9,102938.2,109444.7
BNL,NAM,35567,NL-NAM-RHLOG-AMS-1,21305,8.5,181588.2,117070.2
BNL,NAM,36094,NL-NAM-SA-AMS-2,92098,0.4,40744.1,41487.6
BNL,NAM,40919,NL-NAM-ACCSA-AMS-1,47093,1.4,63710.4,24602.4
BNL,NAM,42814,BE-NAM-PSE-BRU-1,24071,1.0,24774.4,20241.6
BNL,NAM,45895,NL-NAM-PSE-AMS-2,30542,0.8,25775.0,24257.8
BNL,NAM,46717,NL-NAM-PSE-AMS-1,12891,2.8,36016.9,47460.3
BNL,NAMDCA,16586,NL-NAMDCA-DE-AMS-1,45237,3.3,148781.5,89531.6
BR,M,8152,BR-M-DE-SAO-1,44967,1.3,59866.8,40726.3
BR,M,28881,BR-M-DE-SAO-1,164108,0.2,36723.4,23626.6
BR,M,39738,BR-M-SA-SAO-1,21300,1.9,39718.5,40210.7
BR,M,40197,BR-M-SA-SAO-1,433433,0.0,19903.0,13838.8
BR,M,41946,BR-M-DE-SAO-1,473317,0.1,68579.6,61753.9
BR,M,42830,BR-M-DE-SAO-1,76175,0.6,45105.4,43288.5
BR,M,42853,BR-M-DE-SAO-1,28934,1.7,50389.8,45803.7
BR,NAM,6425,BR-NAM-DE-SAO-1,35483,15.6,554393.6,144407.8
BR,NAM,14913,BR-NAM-DE-SAO-1,47814,0.2,10812.4,6506.0
BR,NAM,29156,BR-NAM-DE-SAO-1,54168,0.5,24722.4,10222.7
BR,NAM,42815,BR-NAM-DE-SAO-1,38989,0.2,6153.1,5135.6
CA,ACC,7771,CA-NAM-ACCDE-TOR-1,59551,1.7,98839.3,64965.4
CA,ACC,9566,CA-NAM-ACCDE-WEST-1,54753,2.6,141566.3,135465.7
CA,ACC,10081,CA-NAM-ACCDE-WEST-1,46408,4.3,199144.2,167469.9
CA,ACC,31663,CA-NAM-ACCDE-TOR-1,39254,2.7,104793.3,79445.0
CA,L,6843,CA-L-DE-TOR-1,16233,11.9,193719.3,152401.1
CA,L,9082,CA-L-DE-TOR-1,18126,15.3,277022.4,198057.9
CA,L,12154,CA-L-DE-TOR-1,28731,5.3,151815.7,140588.1
CA,L,13215,CA-L-DE-TOR-1,16496,3.5,57829.6,39878.3
CA,L,13566,CA-L-DE-TOR-1,21823,6.0,131094.1,86947.6
CA,L,13568,CA-L-DE-TOR-1,24628,10.1,249632.2,239583.5
CA,L,14488,CA-L-DE-TOR-1,26862,13.8,370715.4,280218.7
CA,L,16319,CA-L-DE-TOR-1,23889,9.4,224580.2,173081.3
CA,L,18922,CA-L-SA-TOR-1,28949,3.2,93441.3,65597.8
CA,L,19536,CA-L-SA-TOR-1,189298,0.4,71851.1,49923.6
CA,L,19589,CA-L-SA-TOR-1,27351,6.2,170136.5,137132.7
CA,L,21019,CA-L-DE-TOR-1,20238,7.3,148577.9,146849.7
CA,M,1855,CA-M-DE-TOR-1,8470,31.2,263858.1,196152.6
CA,M,3141,CA-M-DE-TOR-4,7268,30.6,222085.7,197275.6
CA,M,6316,CA-M-DE-TOR-2,6729,36.9,248590.3,171086.6
CA,M,8381,CA-M-DE-TOR-1,7071,30.4,214729.7,199656.5
CA,M,9085,CA-M-DE-TOR-1,7029,28.7,202067.8,138975.1
CA,M,9401,CA-M-DE-TOR-2,6959,37.5,261020.4,192451.2
CA,M,9973,CA-M-DE-TOR-2,8402,37.4,314243.5,268641.7
CA,M,11152,CA-M-DE-TOR-4,22471,15.7,353039.7,296396.2
CA,M,12156,CA-M-DE-TOR-1,6660,40.3,268573.2,231196.9
CA,M,13561,CA-M-DE-MTL-1,14680,27.2,398743.5,292656.4
CA,M,13570,CA-M-ACC-TOR-1,21867,3.1,67427.7,31331.9
CA,M,14890,CA-M-DE-TOR-1,7331,45.2,331600.9,249980.0
CA,M,14892,CA-M-DE-TOR-4,9077,37.1,336773.6,243195.3
CA,M,16354,CA-M-DE-MTL-2,15289,24.0,366379.7,331526.0
CA,M,16715,CA-M-DE-TOR-4,10738,20.0,215029.1,175055.6
CA,M,17256,CA-M-DE-TOR-4,7787,49.9,388301.0,322628.3
CA,M,18928,CA-M-DE-MTL-2,16467,17.1,281045.2,237349.6
CA,M,19002,CA-M-DE-MTL-1,24245,15.9,385681.2,351374.2
CA,M,19359,CA-M-DE-TOR-1,12437,18.7,232754.8,190461.4
CA,M,19535,CA-M-DE-TOR-4,6677,42.8,285648.1,239756.5
CA,M,19549,CA-M-DE-TOR-4,7932,40.5,321269.1,266193.9
CA,M,22888,CA-M-SA-TOR-1,10079,15.9,160083.1,120767.0
CA,M,23442,CA-M-DE-TOR-2,11488,29.5,338858.8,272444.3
CA,M,23981,CA-M-DE-TOR-1,7081,37.5,265665.0,230335.2
CA,M,24622,CA-M-DE-TOR-2,6879,38.6,265626.6,198299.2
CA,M,26765,CA-M-DE-TOR-2,8519,40.1,341986.8,295153.0
CA,M,28681,CA-M-DE-MTL-2,13609,29.9,407351.3,314888.1
CA,M,28897,CA-M-DE-TOR-4,7741,34.7,268241.6,214710.3
CA,M,29046,CA-M-DE-TOR-2,7058,38.7,272826.4,266979.4
CA,M,29094,CA-M-ACC-TOR-1,30585,2.0,60225.6,29605.6
CA,M,30207,CA-M-ACC-TOR-1,22119,3.9,85243.2,28478.9
CA,M,30235,CA-M-ACC-TOR-1,21778,2.9,63930.7,35905.9
CA,M,30251,CA-M-DE-TOR-4,7781,38.0,295855.8,272061.7
CA,M,30945,CA-M-DE-MTL-1,17244,17.8,306529.9,250000.8
CA,M,31197,CA-M-DE-TOR-2,7069,42.9,303389.0,249990.7
CA,M,31712,CA-M-SA-TOR-1,17527,7.1,125075.5,97628.3
CA,M,31714,CA-M-DE-TOR-2,12586,29.1,366389.9,293316.1
CA,M,31789,CA-M-DE-MTL-2,21488,21.3,456907.7,367549.2
CA,M,32085,CA-M-ACC-TOR-1,22353,3.7,81874.3,29723.7
CA,M,32867,CA-M-DE-MTL-1,17594,19.5,342443.4,291831.0
CA,M,33605,CA-M-ACC-TOR-1,58763,0.7,42367.5,30060.5
CA,M,33712,CA-M-DE-MTL-2,19022,14.7,279626.7,230342.4
CA,M,35195,CA-M-SA-TOR-1,9327,10.7,100158.5,92662.6
CA,M,38275,CA-M-DE-MTL-2,12388,23.5,291583.9,218273.8
CA,M,39535,CA-M-DE-TOR-1,7977,30.6,244246.5,233733.6
CA,M,44450,CA-M-DE-TOR-2,7031,57.3,402992.4,316379.0
CA,NAM,1778,CA-NAM-B2B-TOR-2,24644,2.2,54733.6,24774.2
CA,NAM,2277,CA-NAM-B2B-TOR-2,13791,8.8,121545.8,61280.3
CA,NAM,2336,CA-NAM-DE-MTL-1,49844,5.1,255818.3,148335.7
CA,NAM,3143,CA-NAM-SA-TOR-1,76075,1.6,122733.0,85730.1
CA,NAM,3771,CA-NAM-B2B-TOR-1,95074,1.2,115505.3,50554.7
CA,NAM,3773,CA-NAM-DE-MTL-1,20824,4.1,85882.4,105478.8
CA,NAM,4789,CA-NAM-B2B-TOR-2,93819,3.0,279674.2,155659.7
CA,NAM,5374,CA-NAM-DE-MTL-1,73932,1.8,131341.2,66487.4
CA,NAM,5774,CA-NAM-B2B-TOR-1,67185,1.5,101247.8,108312.2
CA,NAM,6313,CA-NAM-B2B-TOR-1,31226,6.5,202383.8,179210.6
CA,NAM,6314,CA-NAM-HC-TOR-1,47237,1.6,73574.0,41108.4
CA,NAM,8268,CA-NAM-DE-MTL-1,161502,0.4,69506.0,85671.7
CA,NAM,8414,CA-NAM-DE-MTL-1,39506,5.0,197000.4,213011.7
CA,NAM,11030,CA-NAM-B2B-WEST-1,44161,2.2,98231.7,120532.6
CA,NAM,16304,CA-NAM-DE-MTL-1,61700,1.3,79281.4,74116.4
CA,NAM,16724,CA-NAM-B2B-WEST-1,31148,4.7,145951.9,114191.1
CA,NAM,18206,CA-NAM-B2B-WEST-1,34995,5.4,190107.9,145755.6
CA,NAM,18698,CA-NAM-B2B-WEST-1,9749,20.4,198530.4,114538.0
CA,NAM,18956,CA-NAM-DE-MTL-1,38463,5.4,208164.4,156848.8
CA,NAM,24466,CA-NAM-B2B-WEST-1,29132,13.0,377319.2,289810.6
CA,NAM,31293,CA-NAM-B2B-TOR-2,27333,7.5,203870.2,242679.7
CA,UMM,1974,CA-MUpper-DE-TOR-1,12086,13.8,166848.1,109715.8
CA,UMM,6087,CA-MUpper-DE-TOR-1,8762,32.6,285382.2,224070.3
CA,UMM,6476,CA-MUpper-DE-TOR-1,10899,14.2,155029.6,118356.9
CA,UMM,14487,CA-MUpper-DE-TOR-1,8503,20.7,175874.1,117394.9
CA,UMM,15982,CA-MUpper-DE-TOR-1,10990,15.2,167252.5,137196.0
CA,UMM,18224,CA-MUpper-DE-TOR-1,7639,30.8,235335.8,140526.8
CA,UMM,23978,CA-MUpper-DE-TOR-1,10476,16.4,171860.9,132151.7
CA,UMM,25985,CA-MUpper-DE-TOR-1,8829,18.5,163053.6,131257.0
CA,UMM,26599,CA-MUpper-DE-TOR-1,9939,19.1,189731.3,151935.2
CA,UMM,32629,CA-MUpper-DE-TOR-1,11591,11.8,137316.4,140788.8
DACH,ACC,3431,DE-NAM-ACCDE-DUSS-1,31521,1.7,53082.6,25133.2
DACH,ACC,7140,DE-M-ACCDE-DUB-1,16365,2.7,43822.5,19252.6
DACH,ACC,7552,DE-NAM-ACCDE-DUSS-1,26768,1.6,42889.7,21195.5
DACH,ACC,7891,DE-M-ACCDE-DUSS-2,7876,6.5,51516.7,17712.9
DACH,ACC,7897,DE-M-ACCDE-DUSS-2,8458,1.2,10183.6,10004.9
DACH,ACC,8582,CH-NAM-ACCDE-ZRH-1,44112,0.6,26120.1,5777.3
DACH,ACC,8644,CH-NAM-ACCDE-ZRH-1,27685,1.4,38163.3,14578.6
DACH,ACC,9591,DE-M-ACCDE-DUSS-1,12201,2.9,35497.3,13220.6
DACH,ACC,10153,DE-M-ACCDE-DUSS-2,4735,7.3,34426.6,25969.8
DACH,ACC,11271,CH-M-ACCDE-ZRH-1,17320,1.8,31003.9,17795.9
DACH,ACC,12566,DE-M-ACCDE-DUSS-1,10582,1.2,12909.4,11641.6
DACH,ACC,13497,DE-NAM-ACCDE-DUSS-1,18015,1.1,18965.7,9970.7
DACH,ACC,14875,DE-M-ACCDE-DUSS-4,78554,0.4,33141.6,5370.1
DACH,ACC,15322,DE-M-ACCDE-DUB-1,4457,5.6,25087.3,22410.3
DACH,ACC,15806,DE-M-ACCDE-DUSS-2,7307,2.3,17102.6,8825.3
DACH,ACC,15862,DE-M-ACCDE-DUSS-4,2911,3.2,9380.7,7110.9
DACH,ACC,16137,DE-M-ACCDE-DUB-2,8850,11.3,99799.9,60168.0
DACH,ACC,17415,DE-M-ACCDE-DUSS-1,26727,0.9,24383.2,23942.0
DACH,ACC,17416,DE-M-ACCDE-DUB-1,27473,1.0,28318.3,23111.0
DACH,ACC,17417,DE-M-ACCDE-DUSS-1,13037,1.6,20831.3,15512.2
DACH,ACC,17949,DE-M-ACCDE-DUSS-2,4160,2.8,11583.8,7382.4
DACH,ACC,17950,DE-M-ACCDE-DUSS-2,84007,0.3,24115.9,8423.2
DACH,ACC,18645,CH-M-ACCDE-ZRH-1,10511,1.5,16035.6,10221.8
DACH,ACC,18832,DE-NAM-ACCDE-DUSS-1,29638,0.3,9875.4,16207.3
DACH,ACC,20186,DE-M-ACCDE-DUSS-2,53119,0.1,6431.2,8323.8
DACH,ACC,23573,DE-M-ACCDE-DUB-2,13804,3.5,48207.6,9472.9
DACH,ACC,24361,CH-NAM-ACCDE-ZRH-1,23376,0.8,18208.5,18306.7
DACH,ACC,24602,DE-NAM-ACCDE-DUSS-1,28477,0.1,2362.9,11147.9
DACH,ACC,26620,DE-M-ACCDE-DUB-1,1917433,0.0,65805.6,19634.3
DACH,ACC,26631,DE-M-ACCDE-DUB-1,17656,1.4,25366.5,9740.0
DACH,ACC,30258,CH-NAM-ACCDE-ZRH-1,31116,1.0,30677.2,52307.8
DACH,ACC,34377,DE-M-ACCDE-DUSS-1,8573,2.1,17777.4,10311.9
DACH,ACC,36514,CH-NAM-ACCDE-ZRH-1,27518,0.7,18977.3,21457.0
DACH,ACC,42818,CH-M-ACCDE-ZRH-1,9144,2.9,26562.3,9904.5
DACH,ACC,42825,CH-M-ACCDE-ZRH-1,5608,6.7,37414.3,29560.9
DACH,ACC,42826,CH-M-ACCDE-ZRH-1,15715,2.4,37072.2,24996.9
DACH,ACC,42970,CH-M-ACCDE-ZRH-1,2413,5.2,12529.3,6768.2
DACH,ACC,43788,CH-M-ACCDE-ZRH-1,2864,6.2,17887.2,8242.0
DACH,ACC,43968,DE-M-ACCDE-DUSS-3,4377,2.0,8688.1,7501.5
DACH,ACC,44294,DE-M-ACCDE-DUSS-3,4903,4.7,23119.7,14542.9
DACH,ACC,44444,DE-M-ACCDE-DUB-1,9661,2.5,23677.4,20907.0
DACH,ACC,44710,DE-M-ACCDE-DUB-2,3811,8.6,32754.3,10283.7
DACH,ACC,44716,DE-M-ACCDE-DUSS-4,4247,1.4,6135.9,10354.9
DACH,ACC,44719,CH-M-ACCDE-ZRH-1,5089,3.2,16080.1,20032.4
DACH,ACC,44720,DE-M-ACCDE-DUB-2,2583,6.3,16206.6,18882.3
DACH,ACC,44722,DE-M-ACCDE-DUSS-3,4517,8.7,39434.1,22639.6
DACH,ACC,45423,DE-M-ACCDE-DUB-1,6409,8.9,56873.6,46397.2
DACH,ACC,45427,DE-M-ACCDE-DUSS-4,1635,3.1,5118.8,8405.5
DACH,ACC,45894,DE-M-ACCDE-DUB-2,7392,3.0,21857.6,17905.3
DACH,ACC,45896,DE-M-ACCDE-DUSS-2,5138,1.9,9830.8,5101.1
DACH,ISDCA,16627,DE-ISDCA-DE-DUSS-1,7761,8.9,68726.2,164128.2
DACH,ISDCA,45111,DE-ISDCA-DE-DUSS-1,92446,0.7,60700.5,74938.0
DACH,L,5898,DE-L-DE-DUSS-1,17825,11.1,198484.3,192621.3
DACH,L,7261,DE-L-DE-DUSS-1,16055,5.9,94780.6,83487.3
DACH,L,12199,DE-L-DE-DUSS-2,20330,3.7,74921.2,84947.3
DACH,L,13395,DE-L-SA-DUSS-1,41287,4.8,196306.0,175984.7
DACH,L,13499,DE-L-DE-DUSS-2,17846,12.0,214141.0,176822.3
DACH,L,13503,DE-L-SA-DUSS-1,39397,10.8,424273.5,195841.6
DACH,L,14348,DE-L-DE-DUSS-1,7848,7.8,60991.3,77819.5
DACH,L,14778,DE-L-DE-DUSS-2,41916,6.5,270589.6,258793.9
DACH,L,15323,DE-L-DE-DUSS-2,21271,4.3,90733.9,137913.9
DACH,L,15830,DE-L-DE-DUSS-2,18364,17.0,312444.1,279642.2
DACH,L,17426,DE-L-DE-DUSS-1,20402,6.6,134393.1,110742.2
DACH,L,18849,DE-L-DE-DUSS-1,21183,5.4,113596.1,84253.5
DACH,L,19115,DE-L-SA-DUSS-1,51458,2.3,118330.3,87082.0
DACH,L,21204,DE-L-SA-DUSS-1,35728,4.3,152620.5,85553.5
DACH,L,23577,DE-L-DE-DUSS-2,16043,15.0,241034.3,151454.2
DACH,L,38749,DE-L-DE-DUSS-2,20693,4.6,94436.5,82030.3
DACH,L,44596,DE-L-DE-DUSS-2,19860,13.0,258791.7,127807.5
DACH,M,4867,DE-M-SA-DUSS-1,25237,12.0,304026.5,230207.2
DACH,M,5484,DE-M-DE-DUSS-3,13580,32.7,444412.5,413187.6
DACH,M,9206,DE-M-DE-DUSS-1,10388,30.5,316410.9,245523.9
DACH,M,9858,DE-M-PSE-DUSS-1,7271,4.2,30893.1,28069.0
DACH,M,10167,DE-M-DE-DUSS-3,20861,20.6,430041.7,343753.5
DACH,M,11649,DE-M-DE-DUSS-1,14249,21.2,302546.0,249341.8
DACH,M,11873,DE-M-SA-DUSS-1,21168,7.6,161704.6,179968.1
DACH,M,12213,DE-M-DE-DUSS-3,22374,18.5,414426.5,327279.6
DACH,M,12240,DE-M-DE-DUB-1,10181,49.1,499889.3,374655.2
DACH,M,14402,DE-M-DE-DUSS-1,18637,17.8,332594.0,266874.6
DACH,M,14633,DE-M-DE-DUB-1,11660,37.7,439230.5,362070.2
DACH,M,19328,DE-M-DE-DUSS-1,11480,25.2,289097.0,211474.1
DACH,M,20198,DE-M-DE-DUSS-3,13949,34.5,481378.0,430768.4
DACH,M,20963,DE-M-DE-DUSS-1,11191,40.6,454274.1,301166.4
DACH,M,21193,DE-M-DE-DUSS-3,14001,19.6,274576.9,218423.2
DACH,M,29573,DE-M-PSE-DUSS-1,8625,2.4,21053.8,32640.3
DACH,M,34786,DE-M-DE-DUSS-1,50289,5.1,257802.6,223823.5
DACH,M,38356,DE-M-DE-DUB-1,7634,73.3,559309.4,457262.2
DACH,M,38465,DE-M-DE-DUB-1,11470,38.5,441570.1,385917.2
DACH,M,39671,DE-M-DE-DUSS-3,14001,27.8,389016.9,360831.5
DACH,M,41360,DE-M-DE-DUSS-1,14846,22.3,330747.8,260039.0
DACH,M,41363,DE-M-SA-DUSS-1,41194,8.8,360524.5,307814.0
DACH,M,41364,DE-M-DE-DUB-1,16747,25.7,430797.5,333246.0
DACH,M,41802,DE-M-PSE-DUSS-1,8759,4.0,35220.4,29286.7
DACH,M,42732,DE-M-DE-DUB-1,8297,35.7,295840.5,248471.7
DACH,M,42738,DE-M-DE-DUB-1,8199,61.1,500677.4,345830.2
DACH,M,43163,DE-M-DE-DUB-1,9087,40.5,367824.2,363036.0
DACH,M,45187,DE-M-DE-DUB-1,9424,28.9,272037.6,228004.2
DACH,M,46336,DE-M-DE-DUB-1,4281,56.7,242913.4,219489.6
DACH,M,46542,DE-M-DE-DUB-1,10586,21.3,225012.3,212771.8
DACH,NAM,1726,DE-NAM-SA-DUSS-1,65353,1.6,102760.7,107586.4
DACH,NAM,3632,DE-NAM-SA-DUSS-2,57184,1.9,106077.8,74344.1
DACH,NAM,5492,DE-NAM-B2B-DUSS-1,174090,0.2,39741.4,46558.4
DACH,NAM,7992,DE-NAM-RHLOG-DUSS-1,26124,3.9,101805.7,48185.0
DACH,NAM,7996,CH-NAM-ACCSA-ZRH-1,185969,0.1,18392.9,30706.5
DACH,NAM,8327,DE-NAM-B2B-DUSS-1,42456,5.1,215652.0,73971.4
DACH,NAM,8756,DE-NAM-SA-DUSS-1,76225,0.8,63420.1,50197.8
DACH,NAM,8985,DE-NAM-HC-DUSS-1,25210,2.6,64661.9,76010.6
DACH,NAM,9018,DE-NAM-SA-DUSS-1,117726,1.0,113578.4,65164.2
DACH,NAM,9589,DE-NAM-RHLOG-DUSS-1,131272,0.6,81195.1,95345.4
DACH,NAM,10383,DE-NAM-ACCSA-DUSS-2,38436,4.9,188709.3,209702.1
DACH,NAM,11132,DE-NAM-PSE-DUSS-1,27350,1.8,49918.7,58766.8
DACH,NAM,11711,DE-NAM-RHLOG-DUSS-1,42313,0.4,18341.7,10420.4
DACH,NAM,12056,DE-NAM-PSE-DUSS-1,57641,2.0,112970.4,109715.9
DACH,NAM,14424,DE-NAM-SA-DUSS-2,106648,0.7,71743.2,33042.1
DACH,NAM,14779,DE-NAM-SA-DUSS-1,96276,2.2,211682.8,220230.5
DACH,NAM,14852,DE-NAM-SA-DUSS-2,215353,0.9,191384.1,71873.5
DACH,NAM,15810,DE-NAM-MCU-DUSS-1,13252,0.5,7076.5,8648.1
DACH,NAM,16184,DE-NAM-SA-DUSS-1,124171,0.7,83455.5,44145.5
DACH,NAM,16494,DE-NAM-MCU-DUSS-1,20513,8.4,172283.9,91901.9
DACH,NAM,17145,DE-NAM-MCU-DUSS-1,25104,5.8,145675.1,115743.5
DACH,NAM,17512,DE-NAM-HC-DUSS-1,53151,0.9,49691.8,45007.0
DACH,NAM,18273,DE-NAM-B2B-DUSS-1,13841,7.1,98134.9,86133.7
DACH,NAM,18500,DE-NAM-RHLOG-DUSS-1,55047,5.5,305471.5,199266.8
DACH,NAM,19055,DE-NAM-B2B-DUSS-1,28303,1.9,52695.3,53828.3
DACH,NAM,24604,DE-NAM-PSE-DUSS-1,94995,0.4,35866.1,53267.1
DACH,NAM,25434,DE-NAM-SA-DUSS-1,38494,1.0,39165.5,29411.1
DACH,NAM,25450,DE-NAM-SA-DUSS-2,187325,0.3,49052.7,20452.1
DACH,NAM,26627,DE-NAM-PSE-DUSS-1,64922,1.8,117729.2,102454.1
DACH,NAM,26654,CH-NAM-ACCSA-ZRH-1,95880,0.1,10291.2,5964.4
DACH,NAM,26793,DE-NAM-HC-DUSS-1,11931,21.8,260120.5,196110.6
DACH,NAM,27353,DE-NAM-HC-DUSS-1,36225,2.6,93127.4,52401.5
DACH,NAM,28905,DE-NAM-MCU-DUSS-1,13782,1.3,17843.3,18709.9
DACH,NAM,29671,DE-NAM-B2B-DUSS-1,15345,10.0,153341.7,63501.8
DACH,NAM,31674,DE-NAM-RHLOG-DUSS-1,23793,10.3,245309.5,204681.1
DACH,NAM,33776,DE-NAM-SA-DUSS-2,376098,0.3,131501.2,63759.3
DACH,NAM,34790,DE-NAM-HC-DUSS-1,25943,5.7,148412.8,108288.8
DACH,NAM,35545,DE-NAM-MCU-DUSS-1,46178,2.5,113235.2,136712.9
DACH,NAM,36090,DE-NAM-RHLOG-DUSS-1,51404,0.4,18482.3,51086.3
DACH,NAM,36419,DE-NAM-PSE-DUSS-1,9867,2.4,23423.5,15552.9
DACH,NAM,38387,DE-NAM-HC-DUSS-1,19008,2.6,50063.8,23346.6
DACH,NAM,42636,DE-NAM-B2B-DUSS-1,53512,2.3,120977.8,72960.2
DACH,NAM,43152,DE-NAM-HC-DUSS-1,21243,2.7,57903.8,36421.8
DACH,NAM,43784,DE-NAM-MCU-DUSS-1,25313,2.2,54671.2,51561.0
DACH,NAM,46325,DE-NAM-RHLOG-DUSS-1,36604,1.3,48179.7,66204.3
DACH,NAMDCA,4823,DE-NAMDCA-DE-DUSS-1,34361,5.1,174470.9,154076.0
DACH,NAMDCA,10979,DE-NAMDCA-DE-DUSS-1,14505,18.6,270361.7,159266.3
DACH,NAMDCA,33256,DE-NAMDCA-DE-DUSS-1,22240,2.0,44935.9,50500.0
DACH,NAMDCA,45425,DE-NAMDCA-DE-DUSS-1,10330,10.0,103591.2,100910.5
FR,ACC,6486,FR-M-ACCDE-PAR-1,56252,1.1,61851.2,36519.1
FR,ACC,6928,FR-M-ACCDE-DUB-1,85071,0.6,48912.4,41030.6
FR,ACC,11650,FR-M-ACCDE-DUB-1,141307,0.3,43682.6,37584.9
FR,ACC,11955,FR-NAM-ACCDE-PAR-1,94608,0.1,14157.2,8881.9
FR,ACC,13505,FR-NAM-ACCDE-PAR-1,38837,0.2,6720.7,14734.1
FR,ACC,14739,FR-M-ACCDE-DUB-1,236115,0.2,41899.7,28684.8
FR,ACC,14741,FR-NAM-ACCDE-PAR-1,100709,0.3,34299.1,31011.6
FR,ACC,18831,FR-M-ACCDE-PAR-1,44880,1.2,54371.6,27433.3
FR,ACC,19822,FR-M-ACCDE-DUB-1,36488,1.4,49395.0,26957.6
FR,ACC,25407,FR-M-ACCDE-DUB-1,50008,1.1,57130.8,31235.0
FR,ACC,34425,FR-M-ACCDE-DUB-1,43986,1.1,49831.4,37063.0
FR,ACC,44449,FR-M-ACCDE-DUB-1,39985,1.5,61372.3,50154.8
FR,ACC,45449,FR-M-ACCDE-DUB-1,42118,1.3,54282.2,34234.7
FR,ISDCA,14044,FR-ISDCA-DE-DUB-1,40726,1.3,54292.2,48407.1
FR,ISDCA,32508,FR-ISDCA-DE-DUB-1,36086,3.7,132038.0,95656.3
FR,ISDCA,32911,FR-ISDCA-DE-DUB-1,88388,3.3,288047.3,227359.2
FR,ISDCA,45904,FR-ISDCA-DE-DUB-1,51206,3.9,197531.2,145685.6
FR,L,2647,FR-L-DE-DUB-1,114250,0.9,101312.2,108953.6
FR,L,4173,FR-L-DE-DUB-1,50548,1.0,51114.2,46097.9
FR,L,4831,FR-L-DE-DUB-1,47459,4.2,198817.1,143036.4
FR,L,14848,FR-L-DE-DUB-1,66123,1.5,101870.6,53812.8
FR,L,15837,FR-L-DE-DUB-1,53047,1.9,98906.4,57003.9
FR,L,25632,FR-L-DE-DUB-1,33047,1.9,64172.0,34123.8
FR,L,26680,FR-L-DE-DUB-1,30402,4.2,128052.6,82946.3
FR,L,28994,FR-L-SA-DUB-1,56974,0.4,22212.4,13464.6
FR,L,38381,FR-L-DE-DUB-1,53004,1.6,82437.9,54862.6
FR,L,44287,FR-L-SA-DUB-1,78732,0.2,19345.5,17279.8
FR,L,45926,FR-L-SA-DUB-1,38975,1.0,38378.2,43598.8
FR,L,46329,FR-L-DE-DUB-1,54576,0.5,27173.1,39945.5
FR,M,7764,FR-M-DE-DUB-2,21014,16.1,338992.0,296825.2
FR,M,17491,FR-M-DE-DUB-1,33712,9.4,318222.5,228840.5
FR,M,19511,FR-M-DE-DUB-1,21668,13.5,291883.4,295219.9
FR,M,19804,FR-M-SA-DUB-1,147229,0.4,52345.0,49577.9
FR,M,20788,FR-M-PSE-DUB-1,88516,0.1,12328.8,7391.4
FR,M,28408,FR-M-DE-DUB-1,29849,9.6,287592.1,221083.5
FR,M,30162,FR-M-PSE-DUB-1,18836,1.5,28212.9,19461.8
FR,M,32506,FR-M-DE-DUB-2,27075,10.9,293859.4,229051.0
FR,M,33263,FR-M-DE-DUB-1,26615,10.2,271756.3,240102.9
FR,M,33639,FR-M-DE-DUB-2,74109,4.3,319858.0,277896.0
FR,M,34772,FR-M-DE-DUB-1,26596,10.0,265252.4,254479.1
FR,M,36421,FR-M-DE-DUB-2,33030,6.9,229169.8,196408.8
FR,M,38102,FR-M-SA-DUB-1,22835,2.7,62214.6,61054.8
FR,M,42601,FR-M-DE-DUB-1,20545,16.0,328637.7,302259.4
FR,M,42968,FR-M-DE-DUB-2,20520,14.8,303541.7,259538.1
FR,M,43792,FR-M-DE-DUB-2,30873,9.6,296593.0,210037.6
FR,M,44004,FR-M-DE-DUB-2,34868,9.4,328515.8,276755.1
FR,M,44728,FR-M-DE-DUB-1,29478,11.1,327219.9,259730.2
FR,M,45052,FR-M-SA-DUB-1,94195,0.8,71058.6,63607.8
FR,M,45186,FR-M-PSE-DUB-1,17548,0.8,14511.0,9311.0
FR,NAM,5149,FR-NAM-SA-PAR-1,615489,0.1,62567.3,6002.8
FR,NAM,5987,FR-NAM-FI-PAR-1,24027,4.3,103165.3,75220.2
FR,NAM,6194,FR-NAM-SA-PAR-1,393297,0.1,52679.6,36134.0
FR,NAM,6252,FR-NAM-B2B-PAR-1,152483,0.2,28644.5,20850.3
FR,NAM,7146,FR-NAM-SA-PAR-1,413769,0.1,32046.1,11322.8
FR,NAM,7160,FR-NAM-SA-PAR-1,409730,0.1,34111.1,25058.6
FR,NAM,7163,FR-NAM-RHLOG-PAR-1,53077,0.4,20282.0,54186.5
FR,NAM,7661,FR-NAM-MCU-PAR-1,47422,0.1,5448.6,12742.6
FR,NAM,9860,FR-NAM-HCE-PAR-1,342202,0.1,25240.6,16002.9
FR,NAM,10504,FR-NAM-SA-PAR-1,551113,0.1,28166.9,16942.5
FR,NAM,15510,FR-NAM-PSE-PAR-1,88928,0.5,40168.7,24691.6
FR,NAM,16496,FR-NAM-HCE-PAR-1,76314,0.7,56858.2,31014.2
FR,NAM,17104,FR-NAM-FI-PAR-1,48494,1.8,87139.3,100410.9
FR,NAM,17851,FR-NAM-HCE-PAR-1,62157,1.5,92930.4,62953.9
FR,NAM,19059,FR-NAM-MCU-PAR-1,37350,2.1,76965.8,62019.2
FR,NAM,19812,FR-NAM-MCU-PAR-1,57926,0.7,41945.9,51482.9
FR,NAM,20193,FR-NAM-MCU-PAR-1,54737,2.6,142375.1,163256.3
FR,NAM,25394,FR-NAM-B2B-PAR-1,47202,1.7,79766.3,109745.3
FR,NAM,25831,FR-NAM-RHLOG-PAR-1,61212,0.6,39500.9,37684.3
FR,NAM,28406,FR-NAM-ACCSA-PAR-1,150691,0.1,18644.1,11668.6
FR,NAM,34793,FR-NAM-PSE-PAR-1,53692,0.8,40629.5,15564.2
FR,NAM,36423,FR-NAM-FI-PAR-1,57320,0.7,38963.4,31602.5
FR,NAM,45925,FR-NAM-SA-PAR-1,0,,0.0,8054.8
FR,NAMDCA,4387,FR-NAMDCA-DE-PAR-1,94747,0.7,67466.3,55830.7
FR,NAMDCA,4574,FR-NAMDCA-DE-PAR-1,90730,0.3,26991.5,18566.2
FR,NAMDCA,16500,FR-NAMDCA-DE-PAR-1,67469,0.3,23443.0,45606.6
FR,NAMDCA,19807,FR-NAMDCA-DE-PAR-1,39475,0.5,19093.2,24892.6
Global,NAM,4517,FR-NAM-B2B-PAR-1,42851,1.8,75040.5,52633.8
IBE,ACC,7557,ES-M-ACCDE-DUB-1,28325,0.8,23761.8,19801.2
IBE,ACC,9830,ES-NAM-ACCDE-MAD-1,29407,2.9,85540.6,47823.4
IBE,ACC,13320,ES-M-ACCDE-DUB-1,7338,2.2,15944.0,5896.3
IBE,ACC,16581,ES-NAM-ACCDE-MAD-1,48921,1.8,85666.3,61919.2
IBE,ACC,30408,PT-NAM-ACCDE-MAD-1,92333,1.2,112094.5,21496.4
IBE,ACC,39031,ES-NAM-ACCDE-MAD-1,32270,1.5,48546.3,12662.1
IBE,ACC,39284,ES-M-ACCDE-DUB-1,31507,0.7,21401.9,12782.7
IBE,ACC,41519,PT-M-ACCDE-DUB-1,42619,4.0,169331.9,112991.9
IBE,ACC,42593,ES-M-ACCDE-DUB-1,13240,2.6,34561.4,24704.5
IBE,ACC,45428,ES-M-ACCDE-DUB-1,7741,3.1,24199.3,17433.9
IBE,L,45905,UK-L-DE-DUB-2,20456,6.5,132419.2,94709.4
IBE,NAM,30256,ES-NAM-ACCSA-MAD-1,56659,4.0,224983.5,11983.7
IN,ACC,9847,IN-M-ACCDE-BLR-2,18450,0.3,6046.7,5268.3
IN,ACC,10264,IN-M-ACCDE-BLR-2,100017,0.1,10754.6,11997.4
IN,ACC,13171,IN-M-ACCDE-BLR-1,19390,0.1,2413.9,5618.8
IN,ACC,13649,IN-M-ACCDE-BLR-1,9690,1.6,15329.9,8519.4
IN,ACC,14337,IN-M-ACCDE-BLR-1,16296,0.5,7631.9,5892.1
IN,ACC,16884,IN-M-ACCDE-BLR-1,18804,0.6,11231.7,8999.9
IN,ACC,20127,IN-M-ACCDE-BLR-1,20887,0.9,18557.2,21770.2
IN,ACC,26950,IN-NAM-ACCDE-BLR-1,38743,0.1,4388.1,14740.7
IN,ACC,30096,IN-M-ACCDE-BLR-1,16318,0.4,6494.4,9824.0
IN,ACC,33082,IN-NAM-ACCDE-BLR-1,43194,0.9,37159.3,8268.9
IN,ACC,39353,IN-M-ACCDE-BLR-1,23248,5.8,134797.0,116352.1
IN,ACC,41807,IN-M-ACCDE-BLR-2,27610,1.0,27909.1,30568.3
IN,ACC,41900,IN-M-ACCDE-BLR-2,18281,1.7,31324.1,28727.9
IN,ACC,42567,IN-M-ACCDE-BLR-1,25208,0.6,14632.0,14401.0
IN,ACC,42917,IN-M-ACCDE-BLR-2,38639,0.3,9797.4,10170.6
IN,ACC,43716,IN-NAM-ACCDE-BLR-1,15167,0.5,7442.0,21994.9
IN,ACC,43979,IN-NAM-ACCDE-BLR-1,54395,1.0,56685.3,22769.8
IN,ACC,45893,IN-M-ACCDE-BLR-2,13464,1.3,17616.2,18804.1
IN,ACC,46808,IN-M-ACCDE-BLR-2,13865,1.2,17269.1,19004.1
IN,ACC,46829,IN-M-ACCDE-BLR-1,6477,1.5,9465.9,10707.8
IN,NAM,7586,IN-NAM-ACCSA-BLR-1,61091,0.1,8904.4,17024.2
IN,NAM,31079,IN-NAM-ACCSA-BLR-1,32550,0.6,20143.6,18313.0
IT,ACC,6397,IT-M-ACCDE-DUB-1,10904,22.8,248309.1,142535.3
IT,ACC,6793,IT-NAM-ACCDE-MIL-2,11137,6.5,72929.8,57026.4
IT,ACC,8423,IT-M-ACCDE-DUB-1,13950,8.2,114815.8,98554.7
IT,ACC,12207,IT-M-ACCDE-DUB-1,12374,20.2,250279.3,194151.6
IT,ACC,14756,IT-M-ACCDE-DUB-2,26711,4.3,114393.1,93527.7
IT,ACC,14757,IT-M-ACCDE-DUB-1,13318,14.2,189232.3,140270.5
IT,ACC,14758,IT-M-ACCDE-DUB-1,25475,8.4,213406.8,173995.5
IT,ACC,15308,IT-NAM-ACCDE-MIL-2,12176,10.0,121220.3,20494.3
IT,ACC,18131,IT-M-ACCDE-DUB-2,11670,13.4,156290.1,128430.8
IT,ACC,19815,IT-M-ACCDE-DUB-1,9165,21.5,196897.9,150217.2
IT,ACC,21189,IT-NAM-ACCDE-MIL-2,31571,2.7,84360.1,69329.9
IT,ACC,24236,IT-NAM-ACCDE-MIL-2,46323,1.5,70578.1,38780.8
IT,ACC,26746,IT-M-ACCDE-DUB-2,13371,16.0,213618.9,130543.9
IT,ACC,29549,IT-NAM-ACCDE-MIL-2,43748,3.5,152936.7,23166.5
IT,ACC,30254,IT-NAM-ACCDE-MIL-2,9425,15.2,143558.6,95640.3
IT,ACC,30410,IT-NAM-ACCDE-MIL-3,17929,3.0,52998.2,9375.2
IT,ACC,31746,IT-NAM-ACCDE-MIL-2,94697,0.2,17525.3,15174.7
IT,ACC,40754,IT-M-ACCDE-DUB-2,14886,14.5,215339.4,184900.7
IT,ACC,42816,IT-M-ACCDE-DUB-1,7634,30.0,229337.4,215351.9
IT,ACC,42973,IT-M-ACCDE-DUB-2,10282,24.0,246659.6,218679.6
IT,ACC,43713,IT-NAM-ACCDE-MIL-2,56877,2.0,114635.1,71281.7
IT,ACC,44732,IT-NAM-ACCDE-MIL-2,15408,4.8,73681.7,48017.9
IT,ISDCA,29953,IT-ISDCA-DE-DUB-1,2967,51.8,153733.4,150522.0
IT,ISDCA,43783,IT-ISDCA-DE-DUB-1,3651,41.3,150893.8,108647.2
IT,NAM,5065,IT-NAM-ACCSA-MIL-1,278267,0.4,118126.2,53486.7
IT,NAM,21190,IT-NAM-ACCSA-MIL-1,202005,0.3,52483.1,21236.7
IT,NAM,21574,IT-NAM-ACCSA-MIL-1,99822,0.0,1715.1,6901.5
IT,NAM,24745,IT-NAM-ACCSA-MIL-1,72989,0.5,35011.3,17227.9
IT,NAM,30127,IT-NAM-ACCSA-MIL-1,99056,1.2,118788.6,74506.1
IT,NAM,30146,IT-NAM-ACCSA-MIL-1,86367,0.3,22084.6,14492.3
IT,NAMDCA,30185,IT-NAMDCA-DE-MIL-1,5240,30.9,161821.3,128495.3
IT,NAMDCA,31756,IT-NAMDCA-DE-MIL-1,12506,1.0,12292.5,7190.3
IT,NAMDCA,41953,IT-NAMDCA-DE-MIL-1,375669,0.4,132456.7,65375.1
IT,NAMDCA,45433,IT-NAMDCA-DE-MIL-1,13600,10.4,141464.3,92667.1
Ireland,ACC,7558,IE-NAM-ACCDE-DUB-1,36106,3.2,116296.5,123829.9
Ireland,ACC,9287,IE-NAM-ACCDE-DUB-1,15237,7.7,116810.5,112257.6
Ireland,ACC,10027,IE-M-ACCDE-DUB-1,10993,17.3,190462.4,178131.6
Ireland,ACC,12891,IE-NAM-ACCDE-DUB-1,50179,4.5,227169.0,174155.2
Ireland,ACC,13067,IE-NAM-ACCDE-DUB-1,11620,10.4,121063.9,83174.8
Ireland,ACC,17170,IE-M-ACCDE-DUB-1,53548,5.8,310065.2,261878.1
Ireland,ACC,17173,IE-M-ACCDE-DUB-1,14862,13.8,204615.7,173590.7
Ireland,ACC,19416,IE-M-ACCDE-DUB-1,16003,11.6,186005.4,172409.1
Ireland,ACC,19785,IE-M-ACCDE-DUB-1,61486,3.8,234717.0,210052.5
Ireland,ACC,27012,IE-M-ACCDE-DUB-1,38108,5.3,203178.5,198380.5
Ireland,ACC,34120,IE-M-ACCDE-DUB-1,15707,18.9,297143.4,219805.8
Ireland,ACC,35562,IE-NAM-ACCDE-DUB-1,140639,0.6,83007.5,82569.6
Ireland,NAM,16140,IE-NAM-ACCSA-DUB-1,49484,1.4,68863.6,61175.4
Ireland,NAM,19453,IE-NAM-ACCSA-DUB-1,32892,3.6,117193.5,83005.1
MX,M,7178,MX-M-DE-ATX-1,23910,5.0,120212.1,10616.5
MX,M,13241,MX-M-DE-ATX-1,35194,5.3,184915.1,160164.5
MX,M,23697,MX-M-DE-ATX-2,73458,1.6,115303.4,91606.8
MX,M,24331,MX-M-DE-ATX-1,17593,5.7,99633.3,99730.1
MX,M,26547,MX-M-DE-ATX-1,18006,10.2,183050.3,160921.7
MX,M,29643,MX-M-DE-ATX-1,13775,11.6,159643.4,126372.0
MX,M,29644,MX-M-ACC-ATX-1,22887,0.6,14473.8,10837.5
MX,M,31794,MX-M-ACC-ATX-1,30632,0.4,12689.1,10253.1
MX,M,34491,MX-M-DE-ATX-2,14588,9.7,141505.1,129397.4
MX,M,39150,MX-M-ACC-ATX-1,25053,0.6,14869.4,10596.1
MX,M,39198,MX-M-DE-ATX-2,24645,6.4,156950.7,127309.0
MX,M,39285,MX-M-DE-ATX-2,28221,3.1,86185.1,63559.3
MX,M,39342,MX-M-ACC-ATX-1,34544,0.5,17941.0,10532.7
MX,M,40331,MX-M-ACC-ATX-1,26050,0.4,9875.4,7488.2
MX,M,40506,MX-M-ACC-ATX-1,21714,0.6,14033.8,9019.7
MX,M,41943,MX-M-ACC-ATX-1,64549,0.2,14410.7,8753.6
MX,M,42894,MX-M-DE-ATX-2,21717,8.4,183168.6,170985.9
MX,M,42895,MX-M-DE-ATX-2,44810,3.4,153059.9,161494.6
MX,M,44481,MX-M-DE-ATX-2,51582,3.3,170625.3,174515.7
MX,M,46844,MX-M-DE-ATX-1,19572,4.9,95889.7,101595.4
MX,NAM,32588,MX-NAM-DE-CDMX-1,24761,0.9,23315.1,14612.1
MX,NAM,33772,MX-NAM-DE-CDMX-1,32939,3.4,110984.4,70712.4
MX,NAM,33778,MX-NAM-DE-CDMX-1,38681,0.2,9355.8,10451.7
MX,NAM,34879,MX-NAM-DE-CDMX-1,72982,0.7,53067.5,43441.7
MX,NAM,35438,MX-NAM-DE-CDMX-1,12720,7.5,96022.6,40325.6
MX,NAM,39088,MX-NAM-DE-CDMX-1,72012,0.3,22799.8,13568.8
MX,NAM,42505,MX-NAM-DE-CDMX-1,23070,1.8,42395.9,16615.5
MX,NAM,45021,MX-NAM-DE-CDMX-1,35346,0.7,24176.1,17339.5
SG,ACC,8078,SG-M-ACCDE-SG-1,38668,0.5,17485.3,15089.0
SG,ACC,10693,SG-NAM-ACCDE-SG-1,52945,1.0,50368.5,32939.8
SG,ACC,20145,SG-M-ACCDE-SG-1,105810,0.2,23366.2,32442.1
SG,ACC,20317,SG-M-ACCDE-SG-1,42005,1.3,54971.5,61438.9
SG,ACC,21136,SG-NAM-ACCDE-SG-1,46620,1.2,57961.2,33711.6
SG,ACC,21428,SG-NAM-ACCDE-SG-1,52102,0.1,6902.7,17984.4
SG,ACC,26789,SG-NAM-ACCDE-SG-1,42819,0.5,19448.5,12601.4
SG,ACC,46174,SG-M-ACCDE-SG-1,39303,1.7,66987.0,52760.3
UK,ACC,2253,UK-M-ACCDE-DUB-2,18607,4.8,89439.0,66722.4
UK,ACC,5901,UK-M-ACCDE-DUB-2,17852,4.5,79647.9,44010.4
UK,ACC,6924,UK-M-ACCDE-DUB-2,97414,0.7,66601.4,53862.6
UK,ACC,7153,UK-M-ACCDE-DUB-2,23550,3.5,81676.9,72276.1
UK,ACC,8332,UK-NAM-ACCDE-LDN-1,33334,0.9,31089.5,33547.7
UK,ACC,8840,UK-NAM-ACCDE-LDN-1,51602,0.6,30275.3,29427.7
UK,ACC,9483,UK-NAM-ACCDE-LDN-1,50796,0.9,44772.2,30168.9
UK,ACC,9886,UK-M-ACCDE-DUB-1,21037,7.0,147370.3,130088.7
UK,ACC,10365,UK-M-ACCDE-DUB-2,62009,0.8,50710.5,33838.1
UK,ACC,12339,UK-M-ACCDE-DUB-1,93883,0.7,64044.7,37963.5
UK,ACC,13510,UK-M-ACCDE-DUB-1,20173,4.0,79978.8,57259.3
UK,ACC,13540,UK-M-ACCDE-DUB-2,25647,2.9,74613.0,48826.3
UK,ACC,14671,UK-NAM-ACCDE-LDN-1,93462,0.2,21429.0,23792.2
UK,ACC,14736,UK-M-ACCDE-DUB-2,179534,0.4,78584.0,48047.5
UK,ACC,18973,UK-M-ACCDE-DUB-1,27591,4.1,111752.2,87708.7
UK,ACC,21198,UK-M-ACCDE-DUB-1,75476,1.2,89535.6,59766.6
UK,ACC,33629,UK-M-ACCDE-DUB-1,107396,0.7,74906.4,44008.9
UK,ACC,34419,UK-M-ACCDE-DUB-1,614997,0.2,96537.7,25627.0
UK,ACC,41672,UK-M-ACCDE-DUB-1,40360,1.6,65280.1,36431.0
UK,ACC,43796,UK-M-ACCDE-DUB-1,29270,3.0,86574.8,43983.5
UK,ACC,46526,UK-NAM-ACCDE-LDN-1,40407,1.1,44048.6,13247.3
UK,ISDCA,2909,UK-ISDCA-DE-DUB-1,7494,14.4,107759.3,76226.7
UK,ISDCA,6668,UK-ISDCA-DE-LDN-1,37362,8.9,333875.1,219073.6
UK,ISDCA,10996,UK-ISDCA-DE-LDN-1,10088,34.3,346460.1,308487.0
UK,ISDCA,14872,UK-ISDCA-DE-DUB-2,9940,33.5,332991.6,292869.7
UK,ISDCA,17137,UK-ISDCA-DE-LDN-1,12816,25.8,330151.8,316118.0
UK,ISDCA,18976,UK-ISDCA-DE-DUB-1,12987,21.0,273169.7,220424.4
UK,ISDCA,31704,UK-ISDCA-DE-DUB-2,6115,59.0,360547.6,306021.5
UK,ISDCA,38726,UK-ISDCA-DE-DUB-2,38169,9.8,373692.4,307565.1
UK,ISDCA,43977,UK-ISDCA-DE-LDN-1,16434,19.2,315481.7,254725.8
UK,L,2043,UK-L-SA-DUB-1,21072,1.8,38951.5,39329.1
UK,L,2808,UK-L-SA-DUB-2,22345,6.8,153025.2,125021.0
UK,L,3251,UK-L-DE-DUB-2,28158,3.3,93356.0,55599.3
UK,L,3302,UK-L-DE-DUB-1,20135,7.3,146072.9,143633.9
UK,L,3533,UK-L-SA-DUB-1,41685,2.9,120981.6,95740.1
UK,L,4171,UK-L-SA-DUB-2,34079,2.1,70068.8,44822.1
UK,L,4573,UK-L-DE-DUB-3,33803,4.6,154767.9,146003.1
UK,L,4827,UK-L-DE-DUB-2,20581,21.7,447308.0,366901.3
UK,L,5180,UK-L-DE-DUB-3,19783,6.3,125426.1,72241.7
UK,L,5586,UK-L-DE-DUB-2,20884,7.5,157143.1,141459.3
UK,L,7151,UK-L-DE-DUB-1,19873,17.7,351299.5,218286.2
UK,L,7230,UK-L-DE-DUB-2,21101,11.4,241293.6,249182.1
UK,L,7396,UK-L-DE-DUB-3,16557,9.1,151290.7,96995.6
UK,L,8133,UK-L-SA-DUB-2,22299,4.5,100740.0,86378.3
UK,L,8135,UK-L-DE-DUB-2,20320,9.6,194778.5,207725.0
UK,L,9197,UK-L-SA-DUB-1,25985,6.6,170348.9,114564.9
UK,L,10960,UK-L-SA-DUB-1,43863,2.7,117034.0,76279.3
UK,L,12773,UK-L-SA-DUB-2,28149,3.5,99841.9,82432.4
UK,L,14641,UK-L-DE-DUB-1,14405,21.1,303874.0,234262.4
UK,L,15387,UK-L-SA-DUB-2,45144,2.5,114864.5,83052.7
UK,L,16576,UK-L-DE-DUB-3,19913,10.1,200867.2,151180.4
UK,L,17037,UK-L-SA-DUB-1,29209,3.9,113236.1,63346.5
UK,L,17171,UK-L-DE-DUB-1,19285,11.8,228226.5,160110.2
UK,L,17726,UK-L-DE-DUB-3,25370,6.9,174843.7,207204.7
UK,L,18414,UK-L-SA-DUB-1,26129,4.5,118183.4,95543.1
UK,L,18625,UK-L-SA-DUB-2,37503,1.9,71713.6,57723.2
UK,L,19219,UK-L-SA-DUB-1,33102,2.4,80931.9,79061.0
UK,L,19415,UK-L-DE-DUB-1,21505,10.3,221089.9,120391.2
UK,L,19914,UK-L-SA-DUB-2,20182,4.0,79948.4,72167.1
UK,L,20049,UK-L-DE-DUB-3,19020,10.5,199517.7,72257.0
UK,L,29005,UK-L-SA-DUB-1,22486,4.0,88870.5,67936.2
UK,L,30156,UK-L-DE-DUB-1,20125,9.7,194968.8,150691.3
UK,L,30182,UK-L-SA-DUB-2,22597,4.1,92084.1,69516.8
UK,L,30199,UK-L-SA-DUB-1,21316,5.3,111931.7,6137.2
UK,L,33630,UK-L-DE-DUB-2,20632,9.4,194639.6,143814.9
UK,L,39563,UK-L-DE-DUB-3,19632,8.3,163593.1,177821.9
UK,L,40746,UK-L-SA-DUB-2,24582,6.8,166583.5,123246.3
UK,L,42596,UK-L-SA-DUB-1,38450,1.9,73229.6,76342.8
UK,L,45906,UK-L-SA-DUB-1,0,,0.0,79978.9
UK,M,4285,UK-M-SA-DUB-1,25958,7.5,194566.2,160327.2
UK,M,4921,UK-M-DE-DUB-1,16901,26.2,442613.4,395855.5
UK,M,5064,UK-M-DE-DUB-3,11193,32.2,360943.1,309519.6
UK,M,5072,UK-M-SA-DUB-1,23467,10.8,254085.6,219640.1
UK,M,5176,UK-M-DE-DUB-8,21059,24.8,521763.7,414175.1
UK,M,5494,UK-M-DE-DUB-1,13752,37.0,508587.8,447042.6
UK,M,6929,UK-M-SA-DUB-1,25271,9.5,239856.8,182060.2
UK,M,6938,UK-M-DE-DUB-5,19338,21.2,409376.3,375897.7
UK,M,6942,UK-M-DE-DUB-8,17833,26.4,469906.7,378990.9
UK,M,7135,UK-M-DE-DUB-2,11764,46.9,551511.5,439312.8
UK,M,7329,UK-M-DE-DUB-1,13227,27.1,358935.5,287871.5
UK,M,7332,UK-M-DE-DUB-2,15357,31.9,490545.7,392374.6
UK,M,8325,UK-M-ACCPSE-DUB-2,58572,2.7,160710.4,132344.1
UK,M,8645,UK-M-DE-DUB-2,11105,38.1,423151.5,344452.5
UK,M,8968,UK-M-DE-DUB-9,11844,54.2,642413.0,518817.2
UK,M,9191,UK-M-SA-DUB-1,31449,10.8,340273.5,262191.1
UK,M,9834,UK-M-DE-DUB-8,25904,17.1,442360.6,403240.6
UK,M,9856,UK-M-DE-DUB-1,11978,39.0,466760.5,394839.5
UK,M,10369,UK-M-SA-DUB-1,30022,10.4,312188.1,291716.5
UK,M,12200,UK-M-DE-DUB-9,10403,45.4,472758.3,429042.8
UK,M,13392,UK-M-ACCPSE-DUB-1,83340,1.7,139734.6,77189.5
UK,M,13483,UK-M-DE-DUB-2,13181,38.8,511635.1,442589.7
UK,M,13490,UK-M-DE-DUB-3,17663,21.9,387693.6,366329.6
UK,M,13492,UK-M-DE-DUB-2,10878,41.0,445563.7,416164.5
UK,M,13763,UK-M-DE-DUB-1,14251,39.9,568346.4,447033.4
UK,M,14929,UK-M-ACCPSE-DUB-2,126618,0.7,92763.8,63700.8
UK,M,15309,UK-M-DE-DUB-5,13482,40.6,546779.1,438712.8
UK,M,15521,UK-M-DE-DUB-8,44801,9.0,403470.3,408865.6
UK,M,15524,UK-M-DE-DUB-8,28678,22.3,638767.6,539637.2
UK,M,16141,UK-M-DE-DUB-9,13207,38.0,501485.7,447077.1
UK,M,16468,UK-M-DE-DUB-3,12876,35.7,459115.5,346396.3
UK,M,16485,UK-M-DE-DUB-1,12605,35.7,449603.3,393700.1
UK,M,17038,UK-M-DE-DUB-3,14083,29.5,415208.3,294255.0
UK,M,18391,UK-M-DE-DUB-5,14440,26.5,383119.8,356260.5
UK,M,18975,UK-M-DE-DUB-9,9427,61.7,581960.3,441135.1
UK,M,19113,UK-M-SA-DUB-1,263,144.3,37954.5,16495.9
UK,M,19207,UK-M-DE-DUB-9,13248,29.6,392018.4,363179.9
UK,M,19218,UK-M-DE-DUB-8,12916,37.5,484011.0,426316.2
UK,M,19796,UK-M-SA-DUB-1,33349,6.2,207115.1,207118.0
UK,M,20773,UK-M-ACCPSE-DUB-2,63305,0.9,55041.1,23463.1
UK,M,20781,UK-M-DE-DUB-2,7684,46.9,360699.6,397131.5
UK,M,20786,UK-M-DE-DUB-5,14198,24.6,349494.0,309083.7
UK,M,26345,UK-M-DE-DUB-5,9590,48.7,466902.8,443626.2
UK,M,32930,UK-M-DE-DUB-9,20177,25.6,515540.8,439599.3
UK,M,33635,UK-M-DE-DUB-9,10694,50.2,536825.3,354489.3
UK,M,34418,UK-M-ACCPSE-DUB-1,294579,0.4,121526.8,79358.7
UK,M,34773,UK-M-SA-DUB-1,40610,2.1,83832.8,59201.2
UK,M,35140,UK-M-DE-DUB-5,12899,30.1,388650.9,327769.9
UK,M,36247,UK-M-DE-DUB-3,13970,34.8,486608.1,486813.2
UK,M,41669,UK-M-ACCPSE-DUB-1,65345,1.3,86169.6,64814.8
UK,M,42967,UK-M-DE-DUB-8,11631,43.9,511007.3,449459.2
UK,M,43902,UK-M-DE-DUB-5,13892,36.5,506455.6,408147.8
UK,M,43911,UK-M-DE-DUB-1,10656,46.2,492451.1,455009.4
UK,M,45898,UK-M-DE-DUB-2,12833,37.3,478973.7,386916.7
UK,M,45910,UK-M-SA-DUB-1,28121,9.4,264332.8,231091.1
UK,NAM,714,UK-NAM-SA-LDN-2,54952,4.0,218347.9,189475.8
UK,NAM,2797,UK-NAM-HC-LDN-1,76220,1.8,140990.2,135108.7
UK,NAM,2860,UK-NAM-ACCPSE-LDN-1,8483,14.1,119841.9,91855.4
UK,NAM,2897,UK-NAM-B2B-LDN-1,34290,2.5,84462.1,64815.5
UK,NAM,4835,UK-NAM-LOG-LDN-2,17652,23.9,422691.0,125787.6
UK,NAM,4857,UK-NAM-SA-LDN-1,75800,2.1,161266.5,104661.9
UK,NAM,5100,UK-NAM-RH-LDN-1,261728,0.5,138924.4,112776.4
UK,NAM,7061,UK-NAM-RH-LDN-1,198560,0.6,126001.1,72946.1
UK,NAM,8634,UK-NAM-B2B-LDN-1,68203,1.4,93167.9,76931.4
UK,NAM,8637,UK-NAM-SA-LDN-2,54654,1.7,93450.8,41917.2
UK,NAM,9127,UK-NAM-SA-LDN-2,66074,0.6,37381.0,29859.3
UK,NAM,9376,UK-NAM-SA-LDN-1,76987,1.1,82936.2,57202.0
UK,NAM,9879,UK-NAM-SA-LDN-1,191552,0.6,113894.1,78636.3
UK,NAM,10116,UK-NAM-SA-LDN-2,59934,1.1,66640.1,45984.5
UK,NAM,10734,UK-NAM-RPO-LDN-1,49478,1.0,50746.5,66537.1
UK,NAM,11707,UK-NAM-ACCPSE-LDN-1,9526,8.8,83408.1,52392.6
UK,NAM,11865,UK-NAM-SA-LDN-1,66795,0.3,21536.7,15553.2
UK,NAM,12058,UK-NAM-LOG-LDN-1,153500,6.8,1042303.5,1067810.6
UK,NAM,12059,UK-NAM-PSE-LDN-1,26101,5.2,135832.9,18052.3
UK,NAM,12206,UK-NAM-LOG-LDN-1,60984,3.3,203771.5,123068.9
UK,NAM,12748,UK-NAM-LOG-LDN-2,4234,141.1,597552.1,332148.3
UK,NAM,12909,UK-NAM-HC-LDN-1,39927,1.6,63588.2,41369.2
UK,NAM,13701,UK-NAM-SA-LDN-2,65528,1.4,89014.0,50769.9
UK,NAM,14123,UK-NAM-RPO-LDN-1,109768,4.5,491754.0,494228.0
UK,NAM,14777,UK-NAM-HC-LDN-1,34542,0.9,31972.2,100132.4
UK,NAM,15057,UK-NAM-RPO-LDN-1,210270,1.6,343443.5,183163.4
UK,NAM,15058,UK-NAM-HC-LDN-1,28245,1.7,48887.6,80233.2
UK,NAM,15059,UK-NAM-ACCSA-LDN-1,27825,1.3,37291.2,27148.9
UK,NAM,15860,UK-NAM-B2B-LDN-1,153666,0.5,76179.8,40957.7
UK,NAM,15865,UK-NAM-SA-LDN-1,71389,0.2,15703.3,19273.2
UK,NAM,16460,UK-NAM-B2B-LDN-1,397007,0.3,106738.4,77725.5
UK,NAM,19012,UK-NAM-B2B-LDN-1,26304,4.8,126573.2,131128.5
UK,NAM,19787,UK-NAM-HC-LDN-1,40532,1.9,75242.2,67773.1
UK,NAM,19814,UK-NAM-PSE-LDN-2,19033,6.9,131645.1,92453.1
UK,NAM,20187,UK-NAM-ACCSA-LDN-1,29330,1.7,48873.6,48853.7
UK,NAM,23570,UK-NAM-RH-LDN-1,100670,0.6,59205.6,34110.5
UK,NAM,30197,UK-NAM-LOG-LDN-2,2788,117.2,326768.1,191504.6
UK,NAM,32942,UK-NAM-LOG-LDN-2,4345,136.8,594452.7,476790.8
UK,NAM,34754,UK-NAM-ACCSA-LDN-1,41543,0.3,12053.5,29787.9
UK,NAM,35989,UK-NAM-LOG-LDN-1,115855,2.2,259339.3,116089.8
UK,NAM,36104,UK-NAM-PSE-LDN-1,44391,2.1,95120.3,95600.1
UK,NAM,36390,UK-NAM-RPO-LDN-1,149831,0.5,80001.4,79208.3
UK,NAM,42629,UK-NAM-B2B-LDN-1,44785,0.6,27016.8,19140.1
UK,NAM,44447,UK-NAM-B2B-LDN-1,50261,1.7,84177.4,42464.8
UK,NAM,46722,UK-NAM-SA-LDN-1,103154,1.1,113619.8,9356.8
UK,NAMDCA,2735,UK-NAMDCA-DE-LDN-3,50729,3.4,170050.0,85839.5
UK,NAMDCA,6526,UK-NAMDCA-DE-LDN-3,127268,3.1,397471.3,192970.3
UK,NAMDCA,10377,UK-NAMDCA-DE-LDN-2,39893,4.0,161015.9,96742.3
UK,NAMDCA,12918,UK-NAMDCA-DE-LDN-3,10239,60.7,621947.1,309790.7
UK,NAMDCA,13064,UK-NAMDCA-DE-LDN-3,5301,38.9,206164.2,127668.1
UK,NAMDCA,14672,UK-NAMDCA-DE-LDN-1,24437,12.7,309825.7,207977.4
UK,NAMDCA,21342,UK-NAMDCA-DE-LDN-2,13981,24.7,345068.1,244535.6
UK,NAMDCA,45927,UK-NAMDCA-DE-LDN-3,8767,27.7,242526.9,212324.4
US,ACC,3075,US-M-ACCDE-NYC-3,52873,0.7,36186.4,16012.2
US,ACC,3210,US-M-ACCDE-NYC-2,45316,0.9,40927.9,15718.1
US,ACC,3906,US-M-ACCDE-NYC-1,87547,1.2,102210.5,34974.2
US,ACC,5211,US-M-ACCDE-NYC-2,12403,1.2,14559.8,13235.6
US,ACC,5719,US-M-ACCDE-NYC-3,57061,0.8,46721.4,17541.9
US,ACC,8161,US-M-ACCDE-NYC-2,45834,1.1,50540.6,11247.2
US,ACC,8586,US-M-ACCDE-NYC-4,151856,1.0,158891.7,46655.8
US,ACC,9294,US-M-ACCDE-NYC-2,37914,1.4,53943.1,20968.8
US,ACC,10075,US-M-ACCDE-NYC-1,38645,1.2,48147.4,10436.4
US,ACC,10665,US-M-ACCDE-NYC-3,55922,0.9,52802.6,11532.4
US,ACC,11389,US-M-ACCDE-NYC-2,32653,1.8,60255.2,14855.2
US,ACC,11491,US-M-ACCDE-NYC-2,33879,2.2,75620.4,29412.3
US,ACC,13204,US-M-ACCDE-NYC-2,47304,1.0,49418.4,23286.5
US,ACC,13207,US-M-ACCDE-NYC-3,41619,0.9,38591.5,14435.1
US,ACC,13748,US-M-ACCDE-NYC-1,39332,0.8,31393.9,14880.9
US,ACC,13754,US-M-ACCDE-NYC-1,24483,2.1,51871.3,19440.5
US,ACC,17250,US-M-ACCDE-NYC-2,31110,1.1,34834.7,13658.4
US,ACC,17286,US-M-ACCDE-NYC-3,55721,0.6,35502.4,11085.5
US,ACC,17287,US-M-ACCDE-NYC-3,44669,1.0,46304.8,15338.1
US,ACC,17351,US-M-ACCDE-NYC-1,26004,1.6,42715.3,14700.2
US,ACC,18369,US-M-ACCDE-NYC-3,53109,0.5,28980.4,19455.7
US,ACC,18370,US-M-ACCDE-NYC-2,30961,1.3,39260.2,19966.8
US,ACC,18695,US-M-ACCDE-NYC-3,46779,0.5,24986.1,9639.4
US,ACC,19048,US-M-ACCDE-NYC-1,46547,0.9,40245.2,10028.6
US,ACC,19555,US-M-ACCDE-NYC-3,45135,1.4,63081.7,17116.4
US,ACC,19876,US-M-ACCDE-NYC-3,47167,1.0,46420.3,20300.0
US,ACC,19929,US-M-ACCDE-NYC-1,43053,1.9,81681.3,16491.2
US,ACC,34194,US-M-ACCDE-NYC-2,35165,1.1,40424.6,18165.0
US,ACC,41785,US-M-ACCDE-NYC-1,38618,1.1,41347.5,14874.0
US,DCA,1583,US-DCA-AUTO-STM-3,32621,15.3,498494.7,418909.7
US,DCA,1852,US-DCA-AUTO-STM-2,9915,81.8,811207.6,768385.0
US,DCA,2458,US-DCA-WELLCOMM-NYC-2,9138,42.3,386653.4,345279.0
US,DCA,2469,US-DCA-WELLCOMM-STM-2,8852,37.1,328086.4,279002.8
US,DCA,4251,US-DCA-WELLCOMM-STM-2,9714,32.2,312587.5,264974.5
US,DCA,4283,US-DCA-QSR-STM-1,336216,2.5,854562.8,673194.2
US,DCA,4356,US-DCA-INS-STM-1,11211,35.9,402032.5,380824.2
US,DCA,4360,US-DCA-QSR-NYC-1,27503,8.1,221755.2,234972.3
US,DCA,4499,US-DCA-AUTO-STM-3,25099,33.6,842443.7,688109.6
US,DCA,4598,US-DCA-AUTO-STM-2,18602,40.8,758166.5,628158.3
US,DCA,4661,US-DCA-AUTO-STM-2,13945,65.0,907059.7,732229.4
US,DCA,4785,US-DCA-WELLCOMM-STM-2,13689,28.0,383072.4,328389.4
US,DCA,4798,US-DCA-INS-NYC-1,6932,37.3,258543.6,417237.4
US,DCA,4814,US-DCA-QSR-NYC-2,305515,2.3,700888.4,550304.2
US,DCA,5035,US-DCA-AUTO-STM-1,15841,38.7,612595.8,513739.6
US,DCA,5216,US-DCA-WELLCOMM-STM-1,9172,38.8,356303.9,357447.7
US,DCA,5225,US-DCA-WELLCOMM-NYC-2,9256,42.9,396886.9,374433.8
US,DCA,5568,US-DCA-AUTO-STM-2,11821,81.2,959571.7,825453.5
US,DCA,6301,US-DCA-WELLCOMM-STM-1,13993,17.4,244044.9,199024.9
US,DCA,6413,US-DCA-AUTO-STM-1,27316,33.8,921993.4,770304.8
US,DCA,7071,US-DCA-WELLCOMM-STM-2,53189,6.4,340712.3,334474.6
US,DCA,7394,US-DCA-AUTO-STM-2,11185,92.7,1036883.0,787563.7
US,DCA,8375,US-DCA-INS-STM-1,9701,48.8,473571.0,421872.9
US,DCA,8507,US-DCA-INS-NYC-1,27689,25.4,703240.4,553577.9
US,DCA,8514,US-DCA-INS-STM-1,5659,85.9,486123.6,432885.8
US,DCA,8703,US-DCA-AUTO-STM-1,11541,72.4,835805.0,702948.9
US,DCA,8799,US-DCA-WELLCOMM-STM-1,43783,10.6,461958.8,365463.9
US,DCA,8946,US-DCA-QSR-STM-2,20492,16.7,342465.6,323802.5
US,DCA,9068,US-DCA-AUTO-STM-1,7815,95.2,744169.1,602195.1
US,DCA,9666,US-DCA-WELLCOMM-STM-1,21002,16.0,336647.8,293563.2
US,DCA,9784,US-DCA-INS-STM-1,17484,13.3,232019.1,138714.9
US,DCA,9810,US-DCA-QSR-STM-2,12898,24.6,316928.3,200465.9
US,DCA,9824,US-DCA-QSR-NYC-1,40808,7.2,295172.9,220983.4
US,DCA,10078,US-DCA-WELLCOMM-NYC-2,10718,38.0,407516.6,327862.2
US,DCA,10174,US-DCA-WELLCOMM-NYC-2,9046,33.3,301393.0,291334.7
US,DCA,10390,US-DCA-WELLCOMM-STM-2,18731,14.3,267969.9,191947.3
US,DCA,11034,US-DCA-INS-NYC-1,8652,62.3,538706.9,494037.1
US,DCA,11168,US-DCA-AUTO-STM-2,11138,87.8,977819.6,780403.4
US,DCA,11415,US-DCA-AUTO-STM-3,10555,75.9,800665.5,681581.5
US,DCA,11485,US-DCA-WELLCOMM-NYC-2,76941,5.3,410076.6,222789.9
US,DCA,11490,US-DCA-WELLCOMM-NYC-1,20807,14.4,298873.0,334333.7
US,DCA,11560,US-DCA-INS-STM-1,8077,50.9,411085.0,426696.5
US,DCA,11561,US-DCA-AUTO-STM-1,16254,56.5,917843.4,844762.5
US,DCA,12304,US-DCA-AUTO-STM-1,13853,68.7,952369.9,672896.9
US,DCA,12305,US-DCA-WELLCOMM-STM-1,57838,5.7,331595.4,234598.1
US,DCA,12358,US-DCA-AUTO-STM-2,10134,83.5,846012.8,853002.4
US,DCA,12546,US-DCA-QSR-NYC-1,13747,20.9,286822.1,305140.5
US,DCA,12717,US-DCA-QSR-NYC-2,44890,7.7,345396.9,284579.3
US,DCA,12950,US-DCA-WELLCOMM-NYC-1,51571,6.3,324022.0,156144.1
US,DCA,13202,US-DCA-AUTO-STM-3,8254,111.0,916406.6,846175.0
US,DCA,13208,US-DCA-WELLCOMM-NYC-1,7527,49.5,372514.0,330113.4
US,DCA,13597,US-DCA-AUTO-STM-3,11406,82.7,942993.2,793384.0
US,DCA,13750,US-DCA-AUTO-STM-2,14159,49.4,699616.1,558757.8
US,DCA,14484,US-DCA-QSR-NYC-2,27574,12.1,332268.8,252837.3
US,DCA,15232,US-DCA-INS-NYC-1,26457,4.4,115279.1,118528.4
US,DCA,15396,US-DCA-QSR-NYC-2,15457,25.8,398899.4,306052.3
US,DCA,15423,US-DCA-INS-STM-1,6613,72.0,475807.0,36055.5
US,DCA,15429,US-DCA-QSR-STM-2,109385,5.6,607301.3,494151.5
US,DCA,17014,US-DCA-QSR-STM-1,16711,18.2,303557.2,255363.1
US,DCA,17834,US-DCA-AUTO-STM-1,9306,87.7,816561.6,754179.4
US,DCA,18144,US-DCA-QSR-NYC-1,84102,4.8,402065.3,338023.1
US,DCA,18509,US-DCA-WELLCOMM-NYC-1,9797,32.5,318356.5,279682.6
US,DCA,19070,US-DCA-QSR-STM-1,248147,2.3,576892.1,447719.7
US,DCA,19138,US-DCA-AUTO-STM-2,23043,34.1,786387.8,569300.9
US,DCA,19244,US-DCA-AUTO-STM-3,9032,96.1,868136.0,738738.9
US,DCA,19661,US-DCA-WELLCOMM-STM-1,57714,6.4,371059.7,315205.0
US,DCA,21467,US-DCA-AUTO-STM-1,9278,103.9,963787.6,767914.4
US,DCA,23768,US-DCA-WELLCOMM-NYC-2,8801,43.5,382709.2,309888.9
US,DCA,24654,US-DCA-INS-STM-1,0,,0.0,417701.9
US,DCA,24655,US-DCA-WELLCOMM-STM-1,10576,40.9,432643.2,376083.6
US,DCA,24746,US-DCA-AUTO-STM-3,11026,65.8,725253.0,606789.0
US,DCA,25533,US-DCA-WELLCOMM-STM-1,13088,36.4,476632.7,347097.8
US,DCA,25809,US-DCA-WELLCOMM-NYC-1,62820,4.6,289856.5,223138.1
US,DCA,25983,US-DCA-INS-NYC-1,10046,50.0,502520.7,472628.5
US,DCA,26038,US-DCA-WELLCOMM-NYC-1,125836,4.6,577339.0,432757.4
US,DCA,26542,US-DCA-QSR-STM-1,48383,5.9,284314.4,281133.5
US,DCA,26555,US-DCA-WELLCOMM-NYC-1,22822,11.2,255597.6,219252.5
US,DCA,27413,US-DCA-WELLCOMM-NYC-1,7676,43.7,335515.3,343713.6
US,DCA,27646,US-DCA-AUTO-STM-3,30290,10.1,307080.6,239272.7
US,DCA,28430,US-DCA-WELLCOMM-NYC-1,13360,26.7,356118.9,316114.5
US,DCA,29943,US-DCA-QSR-STM-2,12067,30.3,365580.7,267879.0
US,DCA,30248,US-DCA-QSR-NYC-1,14594,16.3,238487.3,183285.0
US,DCA,31835,US-DCA-QSR-STM-1,14189,26.9,382252.1,315182.0
US,DCA,31971,US-DCA-INS-NYC-1,9813,45.4,445515.6,512894.0
US,DCA,32166,US-DCA-WELLCOMM-STM-2,10161,36.0,366001.7,328816.1
US,DCA,33621,US-DCA-QSR-NYC-2,16942,17.5,296627.1,243541.1
US,DCA,35540,US-DCA-WELLCOMM-STM-1,11582,31.8,368009.8,324526.9
US,DCA,35874,US-DCA-WELLCOMM-NYC-1,26899,14.3,384910.8,365326.5
US,DCA,40757,US-DCA-WELLCOMM-STM-2,7105,47.4,336593.9,287490.6
US,DCA,41041,US-DCA-WELLCOMM-NYC-2,16930,22.5,381236.0,312592.7
US,DCA,41379,US-DCA-WELLCOMM-NYC-2,9483,38.9,369314.8,315311.7
US,DCA,42461,US-DCA-QSR-NYC-2,12400,23.4,290472.4,259391.2
US,DCA,42726,US-DCA-QSR-STM-2,11445,21.2,242823.1,269159.6
US,DCA,42727,US-DCA-WELLCOMM-STM-2,15503,24.8,383726.0,323748.3
US,DCA,42729,US-DCA-WELLCOMM-NYC-2,8517,42.4,361147.8,326526.5
US,DCA,43467,US-DCA-QSR-STM-2,14487,29.1,421589.0,340094.6
US,DCA,43972,US-DCA-INS-STM-1,5733,87.7,502622.7,449523.8
US,DCA,43973,US-DCA-WELLCOMM-NYC-2,63533,4.8,307914.1,284172.3
US,DCA,44349,US-DCA-WELLCOMM-NYC-1,9463,40.4,382030.3,335605.2
US,DCA,44976,US-DCA-QSR-STM-1,25759,9.9,254806.9,257853.6
US,DCA,45232,US-DCA-WELLCOMM-NYC-2,21677,15.8,342041.1,268109.5
US,DCA,45364,US-DCA-QSR-NYC-1,20736,16.7,347297.1,259924.7
US,DCA,46555,US-DCA-INS-NYC-1,11821,38.5,454833.7,429728.1
US,L,1071,US-L-DE-STM-3,49784,9.4,469061.8,475487.9
US,L,1258,US-L-DE-ATX-1,55244,10.4,575318.1,589328.5
US,L,1428,US-L-DE-ATX-2,50793,15.7,796271.4,702919.7
US,L,1573,US-L-DE-NYC-7,67898,8.7,589954.8,541608.2
US,L,2151,US-L-DE-ATX-4,29362,11.3,330906.0,273094.5
US,L,2531,US-L-SA-STM-1,46924,8.7,407849.2,332673.7
US,L,2580,US-L-DE-NYC-5,58722,8.3,486819.4,452044.5
US,L,2738,US-L-DE-STM-5,46449,17.4,806776.7,722052.3
US,L,2778,US-L-DE-NYC-4,27071,20.4,553356.5,423357.2
US,L,3316,US-L-DE-NYC-7,49625,8.5,422358.3,393261.7
US,L,3606,US-L-DE-STM-5,86837,5.0,432407.1,391631.7
US,L,3650,US-L-DE-STM-1,38933,28.1,1092341.7,957139.1
US,L,3782,US-L-SA-STM-1,59803,7.4,444545.4,377443.5
US,L,4334,US-L-DE-NYC-8,53989,11.8,639459.7,554791.0
US,L,5030,US-L-SA-NYC-1,58337,5.0,293333.1,198878.5
US,L,5137,US-L-DE-NYC-1,45211,6.9,309697.5,208906.6
US,L,6297,US-L-DE-STM-3,72692,9.2,667703.8,505094.0
US,L,7167,US-L-DE-STM-2,33275,13.2,440667.3,237082.9
US,L,8267,US-L-DE-NYC-6,53668,10.0,537718.9,442591.8
US,L,8524,US-L-DE-STM-4,32363,19.3,626223.7,433715.4
US,L,9656,US-L-DE-NYC-4,35795,11.3,405742.2,466155.7
US,L,9700,US-L-DE-ATX-1,43816,8.6,374731.6,317560.8
US,L,10177,US-L-DE-NYC-5,46252,8.0,369854.1,386511.4
US,L,10178,US-L-DE-NYC-3,41592,14.8,615643.2,471796.7
US,L,10323,US-L-DE-STM-6,38997,12.6,489450.3,335048.8
US,L,10346,US-L-DE-NYC-5,44783,7.4,333304.4,299623.3
US,L,10474,US-L-DE-NYC-4,41316,12.1,500683.7,348185.9
US,L,11801,US-L-SA-STM-Franchise-1,60376,3.5,212344.3,213540.7
US,L,12135,US-L-DE-NYC-3,35843,9.4,335590.6,300465.9
US,L,12301,US-L-DE-STM-6,65826,6.2,409851.6,296748.9
US,L,12539,US-L-DE-STM-6,33348,15.8,526350.4,418816.8
US,L,13214,US-L-DE-STM-4,51309,4.1,207918.3,155781.2
US,L,13251,US-L-DE-ATX-4,44251,15.9,705119.9,644442.5
US,L,13755,US-L-DE-NYC-6,48815,8.8,430156.9,364580.9
US,L,13805,US-L-DE-ATX-1,62490,12.0,750072.3,657239.9
US,L,14255,US-L-DE-STM-3,48439,11.6,561901.3,505640.5
US,L,14267,US-L-DE-STM-4,31081,32.0,995876.7,695881.3
US,L,14472,US-L-DE-NYC-5,51354,11.3,578497.9,412916.4
US,L,14476,US-L-DE-STM-6,37796,6.7,253515.2,364639.3
US,L,14703,US-L-DE-ATX-3,0,,0.0,532261.0
US,L,15229,US-L-DE-STM-7,26480,13.3,351946.3,256004.3
US,L,15230,US-L-DE-STM-1,35326,13.2,468015.8,390213.9
US,L,15240,US-L-DE-STM-5,60195,5.2,312869.2,277579.3
US,L,15478,US-L-DE-NYC-3,41560,5.8,239775.9,134007.1
US,L,15634,US-L-DE-STM-2,40962,6.3,257338.8,274144.6
US,L,15731,US-L-DE-ATX-3,66132,6.9,455159.2,422013.2
US,L,15732,US-L-DE-ATX-3,40723,9.0,365840.3,371848.7
US,L,15970,US-L-DE-STM-1,62430,7.8,485225.8,378921.7
US,L,16300,US-L-DE-NYC-6,53529,12.7,680465.9,548456.6
US,L,16301,US-L-DE-NYC-4,44907,14.2,636740.8,481770.1
US,L,16997,US-L-DE-ATX-5,39790,13.9,554457.3,398685.0
US,L,17054,US-L-SA-NYC-1,52672,12.8,674105.7,543067.8
US,L,17113,US-L-DE-STM-2,27089,15.8,428965.1,403955.2
US,L,17350,US-L-DE-NYC-6,58025,9.8,568934.0,375185.4
US,L,17596,US-L-DE-STM-4,46429,8.2,380304.4,366427.3
US,L,17628,US-L-DE-NYC-5,36128,11.4,410495.5,453616.6
US,L,17645,US-L-DE-NYC-4,33703,8.0,270151.7,239516.2
US,L,17646,US-L-SA-STM-1,64684,5.3,340869.9,230855.9
US,L,17674,US-L-DE-NYC-7,36751,8.0,294202.3,273947.5
US,L,17695,US-L-SA-STM-1,41012,12.4,507588.9,374029.1
US,L,17707,US-L-SA-STM-1,57970,8.6,496530.3,472202.3
US,L,17848,US-L-DE-STM-2,40871,5.4,219251.9,229884.8
US,L,18094,US-L-SA-STM-1,39154,5.8,227660.7,247139.5
US,L,18138,US-L-DE-NYC-8,25127,16.5,415329.2,332070.4
US,L,18153,US-L-DE-STM-2,39471,9.0,355945.2,257473.4
US,L,18364,US-L-DE-NYC-7,57362,6.4,369940.4,272139.0
US,L,18917,US-L-DE-NYC-4,41536,14.8,613857.0,478177.8
US,L,18943,US-L-DE-STM-5,52198,14.9,780268.0,705184.3
US,L,19570,US-L-DE-NYC-8,43058,13.0,558471.0,419150.9
US,L,19577,US-L-SA-NYC-1,50787,14.5,738900.0,416900.0
US,L,20068,US-L-DE-ATX-5,49187,6.1,300759.4,253771.6
US,L,20204,US-L-DE-NYC-4,46947,6.7,316543.7,253902.2
US,L,20321,US-L-DE-NYC-2,48760,10.2,499736.1,430504.8
US,L,20346,US-L-DE-ATX-2,42557,7.3,311674.8,306234.2
US,L,20978,US-L-DE-ATX-2,66691,14.2,950006.9,906837.2
US,L,22734,US-L-DE-ATX-3,39730,7.7,307109.8,253359.3
US,L,23204,US-L-DE-NYC-5,39387,21.9,862914.4,764500.9
US,L,23205,US-L-DE-STM-5,28918,18.9,546994.1,452651.6
US,L,23224,US-L-DE-STM-1,24094,16.5,398411.9,358370.0
US,L,23228,US-L-DE-ATX-4,49581,11.7,579849.2,467121.9
US,L,23240,US-L-DE-STM-5,48986,3.2,158078.8,160694.7
US,L,23941,US-L-DE-NYC-7,30542,9.4,287228.1,288795.2
US,L,24011,US-L-DE-CHI-1,60322,10.8,653355.7,642884.4
US,L,24948,US-L-DE-STM-1,68306,8.2,561737.0,445827.0
US,L,25544,US-L-DE-STM-1,35441,13.5,477681.5,396673.7
US,L,25580,US-L-DE-STM-7,35353,9.8,345124.1,233918.5
US,L,25611,US-L-DE-ATX-4,36986,20.1,743376.3,518845.9
US,L,25614,US-L-DE-ATX-5,30289,12.9,389930.1,412059.9
US,L,25615,US-L-DE-ATX-3,36829,35.2,1297383.6,1214603.9
US,L,25626,US-L-DE-NYC-2,49687,11.6,573973.0,558443.6
US,L,25630,US-L-DE-ATX-5,35377,14.0,495743.6,443705.5
US,L,25631,US-L-DE-STM-2,105958,7.2,762680.7,688262.5
US,L,25633,US-L-DE-ATX-1,54068,15.1,815646.1,738046.9
US,L,25653,US-L-DE-NYC-2,48979,10.6,518943.6,479281.8
US,L,26132,US-L-DE-STM-5,59927,6.3,375109.6,235204.0
US,L,26177,US-L-SA-STM-1,60122,4.4,262401.9,263873.4
US,L,26473,US-L-DE-STM-7,35409,15.9,564620.8,484769.6
US,L,26768,US-L-DE-NYC-6,75799,6.4,484033.3,288892.3
US,L,26775,US-L-DE-NYC-5,51741,16.7,866016.5,662102.1
US,L,26946,US-L-DE-NYC-8,32820,12.8,419302.8,273415.0
US,L,27648,US-L-DE-STM-4,58412,9.3,545958.6,467339.6
US,L,28368,US-L-DE-STM-3,46165,16.3,751910.7,614235.3
US,L,28371,US-L-DE-NYC-1,38260,8.9,341731.6,278678.0
US,L,28467,US-L-SA-NYC-2,95845,2.6,251596.4,294614.9
US,L,28951,US-L-DE-STM-6,24113,18.1,436409.1,391947.4
US,L,29222,US-L-DE-STM-6,55500,6.2,344958.7,197107.8
US,L,30204,US-L-SA-NYC-1,57941,4.8,276134.5,243817.0
US,L,30205,US-L-SA-NYC-2,90474,9.7,879627.7,585712.2
US,L,30801,US-L-DE-STM-7,37818,18.3,692364.1,496858.2
US,L,31227,US-L-DE-NYC-8,27600,13.4,371111.2,322809.0
US,L,31248,US-L-DE-NYC-8,48466,14.3,692018.3,421322.2
US,L,31302,US-L-DE-STM-6,37761,28.6,1079714.7,739230.7
US,L,31328,US-L-DE-CHI-1,60351,6.4,383725.4,335151.8
US,L,31342,US-L-DE-CHI-1,46446,18.8,871766.1,729719.7
US,L,31817,US-L-DE-NYC-6,56269,6.2,346140.7,313366.6
US,L,31837,US-L-DE-STM-7,0,,0.0,578556.9
US,L,32099,US-L-DE-NYC-8,29072,5.3,155496.0,128480.1
US,L,32175,US-L-DE-NYC-1,37219,7.5,280111.6,202451.1
US,L,32413,US-L-SA-STM-Franchise-1,88118,3.5,306757.8,273412.0
US,L,32448,US-L-DE-STM-5,39901,9.6,381869.0,285140.7
US,L,32553,US-L-DE-STM-4,49846,9.1,453424.4,351685.6
US,L,32640,US-L-DE-STM-6,48343,7.2,346695.4,327028.3
US,L,32814,US-L-DE-STM-3,90527,5.0,451512.1,372971.4
US,L,32877,US-L-DE-STM-7,42964,12.2,523548.0,426099.8
US,L,32880,US-L-DE-STM-7,28465,13.8,391738.5,315843.0
US,L,33325,US-L-DE-ATX-3,30131,22.4,675557.9,418874.0
US,L,33352,US-L-DE-STM-2,33634,22.6,758792.4,534518.5
US,L,33446,US-L-DE-NYC-2,49077,5.5,271093.9,312860.7
US,L,33937,US-L-DE-NYC-2,45857,7.7,352411.1,260165.5
US,L,34182,US-L-DE-NYC-6,44662,8.4,373722.3,345885.6
US,L,34268,US-L-DE-STM-3,44508,13.6,605008.8,518978.8
US,L,34430,US-L-DE-NYC-2,37418,12.9,480889.6,409817.9
US,L,34457,US-L-DE-STM-4,29405,16.5,483997.9,392906.1
US,L,34462,US-L-DE-NYC-2,58826,10.6,621018.7,465575.2
US,L,34499,US-L-SA-STM-Franchise-1,103167,4.1,427577.9,371696.9
US,L,34511,US-L-DE-STM-3,43696,13.5,588653.7,356033.2
US,L,34856,US-L-DE-STM-6,43374,8.5,370282.5,377802.3
US,L,34883,US-L-SA-STM-1,40983,9.4,383750.0,411722.2
US,L,35203,US-L-DE-STM-2,54088,7.0,379516.1,325015.4
US,L,35552,US-L-DE-ATX-3,43125,17.9,773438.6,816359.2
US,L,36042,US-L-DE-NYC-6,60922,17.7,1077846.7,1056564.7
US,L,38264,US-L-DE-CHI-1,55940,5.9,332770.2,293772.2
US,L,38392,US-L-DE-CHI-1,36492,27.3,994750.0,931093.7
US,L,39086,US-L-DE-NYC-7,38817,10.3,399098.1,338161.8
US,L,39087,US-L-DE-ATX-2,0,,0.0,318535.4
US,L,39135,US-L-DE-NYC-7,47647,13.3,631614.0,380979.5
US,L,39350,US-L-DE-ATX-2,31999,24.2,774242.1,551409.3
US,L,39395,US-L-DE-ATX-4,35742,11.0,391916.9,424138.2
US,L,39529,US-L-DE-ATX-3,37819,13.7,517344.3,546594.7
US,L,39566,US-L-DE-ATX-4,35256,11.3,397599.1,263264.7
US,L,39586,US-L-DE-ATX-4,32864,17.1,562945.1,477149.1
US,L,39735,US-L-SA-NYC-2,73987,3.9,286718.3,221760.5
US,L,39736,US-L-SA-NYC-1,230920,3.0,686761.9,465463.7
US,L,39856,US-L-DE-STM-6,36811,13.2,485973.8,417468.4
US,L,40048,US-L-DE-STM-7,30309,14.3,433398.3,313124.3
US,L,40171,US-L-SA-STM-Franchise-1,36280,19.7,714383.1,698986.2
US,L,40172,US-L-SA-NYC-1,44543,7.1,318287.2,244846.3
US,L,40196,US-L-DE-NYC-4,27032,22.5,609353.5,591498.0
US,L,40245,US-L-DE-STM-4,39715,15.3,607297.8,439121.9
US,L,40246,US-L-DE-ATX-1,34844,18.8,655411.3,685473.7
US,L,40459,US-L-SA-NYC-1,74835,5.1,378816.3,374300.9
US,L,40636,US-L-SA-NYC-1,91347,4.4,402318.7,313076.2
US,L,40646,US-L-DE-STM-4,40982,18.0,736042.7,710221.8
US,L,40758,US-L-DE-STM-3,73220,3.9,288728.0,216675.1
US,L,40759,US-L-DE-CHI-1,44577,12.0,533675.6,416231.2
US,L,40822,US-L-DE-STM-7,30568,20.1,613097.1,446852.7
US,L,40829,US-L-DE-NYC-8,43974,9.0,394367.0,269110.5
US,L,40833,US-L-DE-ATX-2,34050,28.8,979864.6,636239.8
US,L,40860,US-L-DE-NYC-1,44024,6.6,289180.9,144243.1
US,L,40880,US-L-DE-STM-1,57883,10.4,601748.6,332304.2
US,L,41010,US-L-SA-NYC-2,124134,2.6,326265.8,257515.7
US,L,41048,US-L-DE-NYC-1,44356,5.8,259339.5,167693.4
US,L,41084,US-L-DE-STM-7,37473,21.5,807407.1,47842.2
US,L,41452,US-L-DE-ATX-4,43719,12.2,534645.8,488327.6
US,L,41489,US-L-SA-NYC-2,53946,7.3,393046.8,330009.8
US,L,41618,US-L-DE-STM-1,26537,17.4,460868.1,429851.5
US,L,41678,US-L-DE-NYC-3,47546,7.3,347310.8,309971.4
US,L,41789,US-L-DE-NYC-1,46024,11.7,538315.2,424367.6
US,L,41805,US-L-SA-NYC-2,48755,20.6,1003373.4,897982.7
US,L,41837,US-L-DE-NYC-8,35896,12.4,445644.2,323859.5
US,L,41838,US-L-DE-NYC-3,66790,6.4,426597.0,269511.1
US,L,41841,US-L-DE-STM-2,50235,3.9,197837.5,140731.5
US,L,42448,US-L-DE-ATX-5,21197,21.0,446031.0,507577.1
US,L,42449,US-L-DE-STM-3,51319,5.0,258752.5,199657.7
US,L,42486,US-L-DE-NYC-1,28293,10.5,297056.5,245127.7
US,L,42730,US-L-DE-ATX-2,40867,15.6,636074.1,594964.8
US,L,42751,US-L-DE-NYC-3,45292,10.1,457296.0,501072.9
US,L,42752,US-L-DE-ATX-5,52493,6.1,321362.6,292272.4
US,L,42760,US-L-DE-NYC-6,36652,14.6,535749.1,414844.7
US,L,42770,US-L-DE-ATX-1,56021,3.3,187166.4,138249.1
US,L,42791,US-L-DE-NYC-3,41057,8.2,338004.7,424275.2
US,L,42921,US-L-DE-STM-5,34146,10.3,352027.6,233528.8
US,L,42924,US-L-DE-NYC-7,49527,9.4,467602.2,580719.3
US,L,42988,US-L-DE-NYC-3,39930,14.2,567352.2,322068.0
US,L,43533,US-L-DE-STM-2,37789,9.7,368018.1,320141.6
US,L,43721,US-L-DE-ATX-2,45406,14.9,675110.2,460105.3
US,L,43735,US-L-DE-NYC-4,44792,13.5,603187.4,466949.4
US,L,43933,US-L-SA-STM-1,50986,9.1,462235.9,348127.0
US,L,43967,US-L-DE-NYC-2,28801,13.9,400478.0,305942.8
US,L,44086,US-L-SA-STM-1,125330,3.7,464186.5,373331.8
US,L,44300,US-L-DE-NYC-5,26311,15.5,408294.4,347694.6
US,L,44390,US-L-SA-NYC-2,40284,8.3,332748.7,303180.3
US,L,45024,US-L-DE-CHI-1,56454,10.9,613803.0,496577.2
US,L,45225,US-L-DE-NYC-7,31002,18.0,559300.1,368383.9
US,L,45319,US-L-SA-NYC-2,49185,5.1,250035.6,228231.1
US,L,45409,US-L-DE-CHI-1,47104,5.5,261423.8,192956.4
US,L,45470,US-L-DE-ATX-1,59623,13.5,805508.7,522403.3
US,L,45929,US-L-DE-CHI-1,43263,12.3,531531.9,560962.1
US,L,46490,US-L-DE-NYC-1,34916,7.0,245703.2,182330.9
US,L,46514,US-L-DE-ATX-5,42672,17.4,741076.2,606157.0
US,L,46612,US-L-DE-ATX-1,70694,7.8,554407.5,419445.7
US,L,46613,US-L-DE-NYC-5,54760,12.1,661027.4,488962.4
US,L,46872,US-L-DE-ATX-3,48565,14.4,698019.5,51814.4
US,M,1145,US-M-DE-STM-1,12801,36.7,470215.0,382108.9
US,M,2056,US-M-DE-NYC-8,0,,0.0,362227.6
US,M,2275,US-M-DE-NYC-7,10523,42.7,449344.9,351837.1
US,M,2722,US-M-DE-NYC-6,9684,29.2,283034.3,259196.6
US,M,3061,US-M-DE-NYC-5,9450,46.6,440327.3,359963.9
US,M,3433,US-M-DE-ATX-5,8863,53.1,470538.4,394670.1
US,M,3549,US-M-DE-STM-4,11665,53.9,628706.0,534458.2
US,M,3723,US-M-DE-STM-4,12747,52.9,674899.9,547740.9
US,M,5235,US-M-DE-NYC-6,11227,25.0,280307.3,239781.5
US,M,5542,US-M-DE-STM-2,10997,34.9,383916.7,319047.1
US,M,5648,US-M-DE-ATX-3,11309,39.8,450117.7,425822.7
US,M,6009,US-M-DE-ATX-4,9551,46.4,442774.6,425074.5
US,M,6589,US-M-DE-STM-5,12670,61.6,780575.6,609638.2
US,M,6739,US-M-DE-ATX-6,8832,82.5,728473.6,616230.1
US,M,6801,US-M-DE-NYC-9,10408,46.7,486393.4,432387.6
US,M,6996,US-M-DE-NYC-1,9579,52.5,503152.7,434568.1
US,M,6997,US-M-DE-NYC-2,13063,32.6,425677.9,356827.4
US,M,7000,US-M-DE-STM-1,12508,54.2,677729.7,494514.6
US,M,7395,US-M-DE-STM-7,10588,47.5,503082.7,452041.3
US,M,8101,US-M-DE-SDL-2,11845,42.4,501931.2,424398.1
US,M,8597,US-M-DE-STM-6,9647,53.5,516241.5,383827.3
US,M,8809,US-M-DE-ATX-3,15994,31.3,500194.3,401274.9
US,M,8947,US-M-DE-STM-4,8758,76.1,666885.0,559440.9
US,M,9078,US-M-SA-NYC-1,25777,20.6,531136.9,411099.1
US,M,9081,US-M-DE-NYC-9,14970,27.3,408091.1,390771.7
US,M,9088,US-M-DE-ATX-2,13220,47.5,627824.8,489115.0
US,M,9090,US-M-DE-ATX-6,14247,49.1,700129.2,624289.9
US,M,9393,US-M-DE-STM-1,15133,28.4,429419.8,445174.9
US,M,9508,US-M-DE-STM-6,10607,58.9,625223.3,563035.5
US,M,9522,US-M-DE-NYC-2,14998,39.8,597045.8,540224.8
US,M,9663,US-M-DE-STM-2,10887,53.8,585878.8,577802.3
US,M,9697,US-M-DE-ATX-2,22864,49.5,1130756.7,536544.7
US,M,9976,US-M-DE-NYC-4,9650,46.2,446046.1,364490.7
US,M,10073,US-M-DE-STM-7,12202,61.1,746053.4,587465.7
US,M,10673,US-M-DE-STM-9,12690,50.7,643198.6,533093.3
US,M,11027,US-M-DE-STM-6,12537,45.6,572006.9,436987.5
US,M,11417,US-M-DE-STM-8,15607,34.0,530683.2,412503.7
US,M,11487,US-M-DE-NYC-6,10654,24.3,258467.9,189747.2
US,M,12076,US-M-DE-SDL-1,9670,57.3,553658.4,507958.2
US,M,12307,US-M-DE-STM-5,13217,40.9,540708.6,476239.0
US,M,12956,US-M-DE-ATX-6,12256,48.4,592755.6,492823.9
US,M,13252,US-M-DE-STM-9,11987,44.5,533946.2,468869.9
US,M,13552,US-M-DE-ATX-5,9236,73.5,678870.6,555584.6
US,M,13743,US-M-DE-STM-5,11027,49.1,541579.8,393526.1
US,M,13745,US-M-DE-STM-1,11210,69.1,774878.4,724519.7
US,M,13797,US-M-DE-ATX-5,8581,75.6,648516.3,504911.0
US,M,13827,US-M-DE-ATX-3,8497,69.2,588004.6,504868.5
US,M,14898,US-M-DE-STM-8,11150,49.0,545995.3,439545.2
US,M,14934,US-M-DE-SDL-1,14305,41.2,589285.1,507362.9
US,M,15214,US-M-DE-NYC-7,11467,38.5,441417.7,441971.4
US,M,15233,US-M-DE-STM-5,12835,57.2,733576.7,599026.8
US,M,15708,US-M-DE-SDL-3,12632,50.8,642027.2,530397.2
US,M,16296,US-M-DE-STM-1,9100,50.3,458042.0,396247.8
US,M,16315,US-M-DE-STM-1,11509,44.2,508866.1,495341.6
US,M,17282,US-M-DE-STM-7,10698,54.4,581794.4,484089.4
US,M,17521,US-M-DE-NYC-9,11320,39.3,445233.3,330184.2
US,M,17525,US-M-DE-NYC-1,13775,34.2,471379.6,422616.3
US,M,17526,US-M-DE-NYC-1,11144,44.8,499434.5,428336.1
US,M,17649,US-M-DE-STM-9,10724,45.9,491701.5,457592.0
US,M,18250,US-M-DE-NYC-1,8194,78.7,644516.0,567241.1
US,M,18251,US-M-DE-NYC-8,12567,39.9,501650.6,46503.1
US,M,18409,US-M-DE-SDL-2,12856,48.5,622976.0,510795.5
US,M,18721,US-M-DE-ATX-2,0,,0.0,518259.6
US,M,18740,US-M-DE-ATX-4,12080,50.0,603437.7,53567.8
US,M,18761,US-M-DE-STM-2,10340,55.2,571045.5,511047.6
US,M,18923,US-M-DE-ATX-4,14097,44.2,623110.7,480331.7
US,M,19175,US-M-DE-NYC-4,9189,48.5,445426.7,432306.6
US,M,19342,US-M-DE-STM-4,55548,8.6,478568.5,395309.3
US,M,19541,US-M-DE-ATX-2,10623,38.2,405980.6,353411.1
US,M,19569,US-M-DE-NYC-5,11297,77.6,876108.7,668616.1
US,M,19669,US-M-DE-ATX-5,13540,45.7,619351.2,450308.5
US,M,20175,US-M-DE-SDL-1,8926,61.7,550940.6,480098.3
US,M,20269,US-M-DE-SDL-1,12370,48.3,596996.1,581116.1
US,M,20332,US-M-DE-NYC-3,10834,46.2,500028.7,403253.7
US,M,20988,US-M-DE-NYC-8,26527,17.2,457339.6,418082.3
US,M,21144,US-M-DE-SDL-3,13544,40.0,542078.7,550942.6
US,M,21237,US-M-DE-STM-6,12006,50.4,605170.3,582152.2
US,M,21258,US-M-DE-NYC-9,12154,31.1,378398.6,382978.1
US,M,21419,US-M-DE-ATX-1,9584,55.8,534457.8,462023.2
US,M,23202,US-M-DE-ATX-3,12497,41.5,519096.6,327445.5
US,M,23226,US-M-DE-STM-7,10288,46.1,474677.9,398036.9
US,M,23227,US-M-DE-STM-6,11977,40.8,488302.4,524872.8
US,M,23230,US-M-DE-NYC-9,11133,44.5,495452.3,485464.4
US,M,23241,US-M-DE-STM-9,9726,81.7,794799.9,597656.2
US,M,23244,US-M-DE-STM-7,11153,67.0,747065.0,547784.4
US,M,23646,US-M-DE-ATX-2,9583,78.2,749446.1,533726.3
US,M,23767,US-M-DE-ATX-1,15278,44.2,675437.2,546540.4
US,M,23770,US-M-DE-NYC-5,11386,53.5,608983.2,460345.8
US,M,24335,US-M-DE-STM-8,9378,30.9,289651.8,253161.8
US,M,24462,US-M-DE-NYC-8,12104,37.1,449093.0,421407.5
US,M,24588,US-M-DE-STM-2,14677,32.5,477064.9,482789.2
US,M,24635,US-M-DE-NYC-4,8876,62.5,555169.7,486022.3
US,M,24636,US-M-DE-NYC-7,12274,32.9,403995.8,366838.5
US,M,24953,US-M-DE-STM-7,10496,53.5,561235.5,389223.2
US,M,25487,US-M-DE-NYC-7,16041,26.9,431585.8,363519.9
US,M,25488,US-M-DE-NYC-9,11381,48.9,556132.0,443894.3
US,M,26062,US-M-DE-SDL-1,10606,41.9,444704.5,419608.6
US,M,26126,US-M-DE-STM-4,8909,58.0,516881.3,487585.1
US,M,27004,US-M-DE-SDL-2,12152,39.5,479647.0,422541.8
US,M,27234,US-M-DE-ATX-4,13250,68.4,906148.5,753936.9
US,M,27685,US-M-DE-NYC-3,11529,43.3,499741.1,383220.1
US,M,27690,US-M-DE-NYC-2,10613,62.0,657968.9,547529.0
US,M,27904,US-M-SA-STM-1,28273,19.1,538612.3,496831.8
US,M,27917,US-M-SA-STM-1,19147,15.7,301119.6,290250.2
US,M,28088,US-M-DE-SDL-3,12681,38.3,486074.0,436258.5
US,M,28370,US-M-DE-STM-2,9782,52.7,515644.8,467975.7
US,M,28945,US-M-DE-SDL-1,11552,50.5,583820.5,452660.6
US,M,29587,US-M-DE-STM-6,12019,47.4,570076.7,464668.4
US,M,29640,US-M-DE-SDL-2,12054,42.3,509388.1,481526.8
US,M,29650,US-M-DE-NYC-1,8375,77.2,646630.7,533715.6
US,M,29676,US-M-DE-NYC-5,12972,33.7,437256.6,396745.1
US,M,29693,US-M-DE-NYC-1,11575,39.1,452674.9,360609.0
US,M,29907,US-M-DE-ATX-4,14413,34.1,490783.2,406482.1
US,M,29932,US-M-DE-STM-8,9415,52.4,493157.0,274593.8
US,M,29934,US-M-DE-STM-9,16756,41.9,702237.4,669881.8
US,M,30206,US-M-DE-STM-4,11000,38.9,427508.5,419405.9
US,M,30246,US-M-DE-NYC-3,9939,59.1,587616.1,463102.5
US,M,30250,US-M-DE-STM-8,11674,55.5,647361.2,560706.9
US,M,30436,US-M-DE-STM-5,14729,32.1,472392.0,451587.6
US,M,30465,US-M-DE-SDL-3,12728,63.7,810438.2,708532.5
US,M,30802,US-M-DE-STM-2,10583,63.5,671690.8,550381.7
US,M,30827,US-M-DE-ATX-3,8865,66.4,588369.4,451430.2
US,M,31101,US-M-DE-NYC-5,11313,54.2,613166.5,491200.5
US,M,31330,US-M-DE-NYC-4,10440,31.4,327332.9,243977.5
US,M,31345,US-M-DE-ATX-2,9284,63.7,591520.3,498156.4
US,M,31736,US-M-DE-ATX-3,15630,27.6,431618.2,385904.8
US,M,31747,US-M-DE-SDL-1,28761,13.0,375181.2,408832.7
US,M,31825,US-M-DE-SDL-2,14885,27.9,415044.5,373096.6
US,M,31833,US-M-DE-STM-7,9876,54.8,540981.5,449608.9
US,M,31947,US-M-DE-ATX-4,9607,49.9,479649.5,437578.2
US,M,31948,US-M-DE-NYC-1,9423,37.5,353725.7,302139.5
US,M,32143,US-M-DE-STM-5,10214,55.2,564005.4,583741.5
US,M,32163,US-M-DE-SDL-1,10298,63.8,656601.8,608344.8
US,M,32196,US-M-DE-SDL-2,10784,45.1,485938.8,353684.3
US,M,32465,US-M-DE-STM-5,11765,44.0,517562.0,361086.1
US,M,32627,US-M-DE-STM-9,10891,41.6,453311.4,352341.4
US,M,32797,US-M-DE-ATX-1,13630,60.2,820429.9,692368.1
US,M,32829,US-M-DE-NYC-4,20390,26.7,543513.3,457017.2
US,M,32869,US-M-DE-NYC-3,12486,25.5,318037.2,241271.9
US,M,32881,US-M-DE-STM-4,12541,53.1,666486.6,584332.0
US,M,32882,US-M-DE-STM-1,10919,52.8,576619.8,527840.2
US,M,33317,US-M-DE-NYC-6,9971,23.9,238367.9,183762.8
US,M,33353,US-M-DE-STM-8,12253,44.4,544434.6,477801.3
US,M,33376,US-M-DE-ATX-1,9632,68.5,660159.6,565259.0
US,M,33438,US-M-DE-NYC-5,12295,43.1,529500.8,392213.3
US,M,33441,US-M-DE-ATX-6,10004,61.6,616662.5,466303.1
US,M,33447,US-M-DE-NYC-8,12173,39.1,475896.8,349314.0
US,M,33448,US-M-DE-NYC-7,12287,33.7,414394.7,362157.5
US,M,33595,US-M-DE-NYC-6,11254,29.9,336329.5,256861.2
US,M,33606,US-M-DE-STM-1,13545,43.0,581925.6,517872.3
US,M,33667,US-M-DE-NYC-6,15325,20.1,307695.7,295924.2
US,M,33672,US-M-DE-STM-1,9211,60.0,552948.0,396893.6
US,M,33673,US-M-DE-STM-2,11094,42.3,469462.9,387422.1
US,M,33694,US-M-DE-NYC-5,15417,36.2,558055.6,486799.6
US,M,33715,US-M-DE-ATX-1,11275,63.3,714086.9,594405.2
US,M,33718,US-M-DE-NYC-3,9337,54.9,512490.0,424514.3
US,M,33722,US-M-DE-SDL-2,18727,18.0,336993.8,336040.8
US,M,33749,US-M-DE-ATX-3,9874,52.6,519080.0,443295.2
US,M,33985,US-M-DE-ATX-6,11780,57.0,671418.4,584608.1
US,M,34174,US-M-DE-ATX-5,9968,71.2,710192.3,531836.2
US,M,34177,US-M-DE-STM-5,9216,74.1,682800.8,598897.6
US,M,34432,US-M-DE-STM-7,12668,39.4,498500.2,515443.7
US,M,34433,US-M-DE-NYC-4,15336,26.9,412962.9,447841.3
US,M,34490,US-M-DE-NYC-7,14960,26.0,388478.9,316508.6
US,M,34519,US-M-DE-NYC-9,10817,42.0,454152.6,398744.9
US,M,34620,US-M-DE-NYC-9,9910,109.2,1081938.2,715124.8
US,M,34829,US-M-DE-NYC-5,14282,47.7,680990.6,518453.0
US,M,34896,US-M-DE-NYC-2,20032,23.1,462349.9,359404.7
US,M,34906,US-M-DE-STM-6,15810,38.1,602201.7,571422.3
US,M,35134,US-M-DE-NYC-4,10464,37.3,389802.3,339027.9
US,M,35413,US-M-DE-ATX-4,9406,64.1,602494.8,526762.7
US,M,35541,US-M-DE-ATX-6,9342,68.3,637872.8,551428.8
US,M,35764,US-M-DE-ATX-1,12510,47.0,587694.3,522303.1
US,M,35861,US-M-DE-ATX-1,11065,66.5,736085.5,526928.1
US,M,35920,US-M-DE-STM-2,9084,65.0,590853.3,526016.9
US,M,36031,US-M-DE-SDL-2,11843,31.0,367574.2,286891.7
US,M,36323,US-M-SA-STM-1,65096,7.4,478617.8,363376.8
US,M,38557,US-M-DE-ATX-6,10812,59.0,637999.1,572325.3
US,M,38741,US-M-DE-SDL-3,13709,27.6,378701.5,315761.3
US,M,38750,US-M-DE-SDL-3,15163,40.1,608277.3,552563.3
US,M,39018,US-M-SA-STM-1,23390,22.4,523768.7,490822.6
US,M,39026,US-M-DE-STM-6,10076,49.9,502819.4,515984.1
US,M,39587,US-M-SA-NYC-1,27870,21.5,598826.9,479032.7
US,M,39656,US-M-SA-NYC-1,33243,15.9,528071.5,424361.4
US,M,40055,US-M-DE-ATX-4,12872,45.3,583371.6,420846.9
US,M,40185,US-M-SA-NYC-1,88247,6.5,575097.4,603685.6
US,M,40244,US-M-DE-NYC-8,16952,31.1,527299.9,477797.8
US,M,40817,US-M-DE-NYC-8,10214,43.4,443383.7,324621.5
US,M,40949,US-M-SA-NYC-1,42700,9.3,398872.7,362899.9
US,M,40950,US-M-DE-NYC-2,9818,55.4,544025.2,486042.8
US,M,41049,US-M-DE-ATX-2,16981,38.2,647923.7,570500.2
US,M,41086,US-M-DE-NYC-3,8556,74.0,633050.4,517209.8
US,M,41410,US-M-DE-ATX-5,8800,55.1,485142.3,408719.6
US,M,41599,US-M-DE-NYC-1,11312,40.7,460494.0,375100.7
US,M,41601,US-M-DE-NYC-7,11639,36.9,429872.5,327876.1
US,M,41683,US-M-DE-SDL-3,11333,35.8,405698.9,414410.8
US,M,41720,US-M-DE-NYC-8,9382,55.1,516584.3,415620.0
US,M,41803,US-M-DE-NYC-2,24740,17.2,426741.1,297875.6
US,M,42592,US-M-SA-NYC-1,25761,17.8,458693.4,353545.8
US,M,42638,US-M-DE-ATX-5,10124,47.2,478202.2,464331.1
US,M,42784,US-M-DE-STM-9,8578,65.3,560132.6,462171.7
US,M,42819,US-M-DE-ATX-1,9407,49.7,467713.9,425518.5
US,M,42947,US-M-DE-NYC-6,14535,18.8,272628.2,223252.4
US,M,43063,US-M-DE-SDL-3,11242,39.1,439673.5,415997.2
US,M,43193,US-M-DE-LOA-1,12314,48.6,598391.3,547660.6
US,M,43246,US-M-DE-LOA-1,17440,53.1,925213.7,1038806.1
US,M,43655,US-M-SA-NYC-1,27181,22.0,599276.9,463324.6
US,M,43811,US-M-DE-NYC-2,13015,35.4,461119.2,331310.6
US,M,43934,US-M-DE-NYC-6,13031,27.3,355778.5,288054.3
US,M,44140,US-M-DE-ATX-5,7907,81.7,646312.2,538061.7
US,M,44144,US-M-DE-ATX-6,10496,62.7,657699.9,659036.4
US,M,44161,US-M-DE-NYC-8,11050,40.5,447088.8,334610.2
US,M,44384,US-M-DE-NYC-3,11316,50.5,570911.4,541381.5
US,M,44385,US-M-DE-NYC-7,9613,42.2,405984.8,362996.4
US,M,44451,US-M-DE-STM-8,10705,51.7,553655.3,502872.2
US,M,44452,US-M-DE-NYC-2,12412,47.1,583999.9,472272.1
US,M,44676,US-M-DE-NYC-6,9975,34.4,343184.8,351167.9
US,M,44725,US-M-DE-STM-8,12747,29.0,370179.6,352949.2
US,M,44729,US-M-DE-NYC-2,10342,36.8,380551.2,259095.0
US,M,44947,US-M-DE-NYC-3,10410,55.3,576081.4,562394.5
US,M,44998,US-M-DE-ATX-3,9318,74.4,692918.4,523690.9
US,M,45074,US-M-DE-NYC-4,15240,27.7,421763.2,357167.4
US,M,45241,US-M-DE-NYC-4,9055,63.2,572329.3,515848.0
US,M,45339,US-M-DE-NYC-8,11682,31.6,369018.2,359594.1
US,M,45379,US-M-SA-STM-1,26406,16.9,445116.2,402245.2
US,M,45451,US-M-DE-STM-9,9691,58.1,563213.4,462527.7
US,M,46707,US-M-DE-STM-5,12803,49.5,633586.9,458908.9
US,M,46816,US-M-DE-NYC-5,8980,43.0,386409.2,37722.4
US,M,46850,US-M-DE-NYC-9,11439,51.2,585451.2,55472.1
US,NAM,379,US-NAM-HC-RMT-5,117032,0.5,57278.9,31338.5
US,NAM,528,US-NAM-PSE-RMT-1,54206,4.2,228570.7,211674.8
US,NAM,737,US-NAM-SA-RMT-2,28493,1.7,48735.3,45295.8
US,NAM,795,US-NAM-LTL-RMT-8,321359,1.9,622424.6,312576.2
US,NAM,842,US-NAM-LTL-RMT-7,48732,23.1,1126479.3,919502.6
US,NAM,1049,US-NAM-LTL-RMT-2,20855,52.1,1087090.1,662704.4
US,NAM,1084,US-NAM-HC-RMT-2,44472,4.6,205425.9,163466.8
US,NAM,1133,US-NAM-HC-RMT-5,129398,0.9,121440.9,145307.7
US,NAM,1139,US-NAM-HC-RMT-1,96548,1.0,95898.5,78494.1
US,NAM,1214,US-NAM-RHMS-RMT-5,168628,1.9,312955.4,235245.0
US,NAM,1259,US-NAM-LTL-RMT-5,30818,9.0,278225.4,194424.1
US,NAM,1277,US-NAM-RHMS-RMT-3,425888,1.3,567738.5,528563.5
US,NAM,1549,US-NAM-RPO-RMT-1,157472,0.6,88636.7,82201.5
US,NAM,1647,US-NAM-RHMS-RMT-2,124041,1.3,161048.8,145977.8
US,NAM,1698,US-NAM-SA-RMT-4,148054,0.3,38034.3,37970.5
US,NAM,1799,US-NAM-LTL-RMT-8,51196,13.1,672878.0,553452.0
US,NAM,1909,US-NAM-HC-RMT-2,151524,0.6,87141.9,42577.2
US,NAM,1992,US-NAM-RHMS-RMT-5,90015,1.4,127633.4,116301.6
US,NAM,2007,US-NAM-HC-RMT-4,113345,0.4,50054.4,66109.8
US,NAM,2154,US-NAM-LTL-RMT-1,30526,175.7,5363639.2,3298564.8
US,NAM,2168,US-NAM-LTL-RMT-5,76532,2.2,168482.0,188611.1
US,NAM,2276,US-NAM-RPO-RMT-1,43051,2.4,104288.0,98320.4
US,NAM,2515,US-NAM-LTL-RMT-5,138339,2.0,275532.0,319967.7
US,NAM,2530,US-NAM-LTL-RMT-8,87447,4.8,420258.9,292370.1
US,NAM,2571,US-NAM-LTL-RMT-4,4155,4.7,19561.5,15463.4
US,NAM,2718,US-NAM-LTL-RMT-1,46413,24.0,1113258.0,650229.7
US,NAM,2719,US-NAM-LTL-RMT-6,107882,35.1,3787386.5,2388174.9
US,NAM,2782,US-NAM-HC-RMT-3,70857,0.8,56005.2,49963.5
US,NAM,2857,US-NAM-HC-RMT-6,51105,2.0,102341.2,149444.8
US,NAM,3158,US-NAM-HC-RMT-3,75153,4.2,317690.7,337367.6
US,NAM,3420,US-NAM-HC-RMT-7,55441,0.2,11582.7,21066.7
US,NAM,3426,US-NAM-LTL-RMT-5,77699,8.9,688469.6,583795.7
US,NAM,3485,US-NAM-RHMS-RMT-3,372262,1.2,430441.7,414658.0
US,NAM,3486,US-NAM-SA-RMT-3,92207,2.9,268354.7,221772.6
US,NAM,3601,US-NAM-SA-RMT-3,166146,0.2,40707.3,38166.4
US,NAM,3778,US-NAM-LTL-RMT-8,103925,1.9,197731.3,152134.7
US,NAM,3821,US-NAM-HC-RMT-5,91312,0.5,45951.3,64098.3
US,NAM,3898,US-NAM-LTL-RMT-6,57438,8.9,510560.1,364178.5
US,NAM,3900,US-NAM-LTL-RMT-1,75116,26.8,2012639.7,577065.3
US,NAM,4076,US-NAM-LTL-RMT-1,1203,431.5,519141.6,242498.4
US,NAM,4501,US-NAM-LTL-RMT-4,64462,15.3,986807.3,769232.9
US,NAM,4667,US-NAM-HC-RMT-4,80115,19.2,1540393.3,1254653.3
US,NAM,4792,US-NAM-LTL-RMT-7,44545,9.6,426881.1,290065.6
US,NAM,5034,US-NAM-LTL-RMT-8,44842,6.0,270600.6,182973.9
US,NAM,5136,US-NAM-RHMS-RMT-1,97055,2.5,245039.8,116753.8
US,NAM,5268,US-NAM-HC-RMT-4,53310,11.3,603965.5,658514.2
US,NAM,5416,US-NAM-LTL-RMT-7,74012,2.9,217597.0,199755.0
US,NAM,5454,US-NAM-RHMS-RMT-1,125970,1.7,210505.6,218806.2
US,NAM,5465,US-NAM-HC-RMT-7,84428,7.6,645537.7,460266.3
US,NAM,5466,US-NAM-RHMS-RMT-4,69396,2.6,181748.1,133346.3
US,NAM,5666,US-NAM-RHMS-RMT-6,76024,5.2,392978.3,346567.0
US,NAM,6021,US-NAM-SA-RMT-4,47594,1.0,46567.2,14772.5
US,NAM,6061,US-NAM-LTL-RMT-5,91849,1.2,112006.1,73612.5
US,NAM,6305,US-NAM-RHMS-RMT-1,67928,10.6,719831.7,510420.3
US,NAM,6440,US-NAM-PSE-RMT-1,148407,1.5,223254.2,211328.4
US,NAM,6672,US-NAM-HC-RMT-6,76147,10.4,789653.6,551805.5
US,NAM,7067,US-NAM-PSE-RMT-ACC-1,43206,3.0,127775.5,65826.8
US,NAM,7076,US-NAM-SA-RMT-2,72173,1.4,100688.9,23041.3
US,NAM,7087,US-NAM-PSE-RMT-3,12408,15.0,186715.2,155648.1
US,NAM,7221,US-NAM-SA-RMT-2,49568,3.2,157788.8,81244.7
US,NAM,7308,US-NAM-LTL-RMT-2,114868,3.5,399571.8,272723.0
US,NAM,7309,US-NAM-HC-RMT-3,89759,1.9,169022.3,154182.7
US,NAM,7316,US-NAM-RHMS-RMT-5,415887,1.7,699955.9,633036.3
US,NAM,7389,US-NAM-HC-RMT-1,170083,0.2,41957.1,7982.7
US,NAM,7574,US-NAM-RHMS-RMT-4,142735,8.2,1166825.5,1422086.4
US,NAM,7650,US-NAM-SA-RMT-1,450907,0.1,31727.4,40840.5
US,NAM,7826,US-NAM-SA-RMT-4,105676,0.6,62123.5,45290.6
US,NAM,8346,US-NAM-RHMS-RMT-3,82121,2.1,175683.6,118192.6
US,NAM,8465,US-NAM-HC-RMT-5,98707,0.9,91695.7,120361.5
US,NAM,8592,US-NAM-RHMS-RMT-7,140709,1.7,242772.2,134176.7
US,NAM,8606,US-NAM-HC-RMT-4,100592,3.0,300277.6,333490.9
US,NAM,8770,US-NAM-SA-RMT-1,219645,1.5,330156.8,248743.1
US,NAM,9089,US-NAM-RHMS-RMT-4,71581,0.6,41048.0,66217.3
US,NAM,9256,US-NAM-RHMS-RMT-7,147597,0.6,85574.1,84913.1
US,NAM,9297,US-NAM-PSE-RMT-ACC-1,60426,1.9,117824.6,86015.1
US,NAM,9662,US-NAM-PSE-RMT-1,17010,9.5,161981.6,128356.7
US,NAM,9925,US-NAM-LTL-RMT-7,49888,0.8,41263.5,46868.8
US,NAM,9926,US-NAM-HC-RMT-4,68585,15.2,1043849.9,942236.6
US,NAM,9927,US-NAM-SA-RMT-5,250211,2.2,552497.4,483002.3
US,NAM,10085,US-NAM-RHMS-RMT-6,87493,2.0,178686.2,126237.5
US,NAM,10311,US-NAM-RHMS-RMT-7,71478,3.1,222993.6,201938.7
US,NAM,10327,US-NAM-RHMS-RMT-6,53845,1.9,101860.5,113174.2
US,NAM,10351,US-NAM-HC-RMT-2,99679,0.9,89208.6,75742.5
US,NAM,10467,US-NAM-RHMS-RMT-6,85868,1.8,151441.2,141126.8
US,NAM,10769,US-NAM-LTL-RMT-6,26449,17.5,463823.5,384522.5
US,NAM,10890,US-NAM-SA-RMT-4,45665,0.3,14616.5,45431.1
US,NAM,11762,US-NAM-RHMS-RMT-1,83192,2.6,220285.7,155394.4
US,NAM,12195,US-NAM-SA-RMT-2,57637,3.1,177826.1,131994.8
US,NAM,12196,US-NAM-HC-RMT-4,63233,1.9,120361.8,62861.6
US,NAM,12216,US-NAM-SA-RMT-3,144770,2.3,325826.3,378709.2
US,NAM,12637,US-NAM-SA-RMT-1,63177,2.9,181933.2,57347.5
US,NAM,13212,US-NAM-RHMS-RMT-2,329985,0.5,171547.8,174194.2
US,NAM,13213,US-NAM-LTL-RMT-3,71254,2.2,157079.3,122901.3
US,NAM,13476,US-NAM-RPO-RMT-1,108594,1.5,159000.2,92207.5
US,NAM,13477,US-NAM-SA-RMT-1,87484,0.5,46356.2,35542.5
US,NAM,13478,US-NAM-SA-RMT-1,61064,0.7,40128.2,33577.9
US,NAM,14426,US-NAM-HC-RMT-3,507097,0.2,87650.8,85611.2
US,NAM,14428,US-NAM-RHMS-RMT-1,101617,2.1,218002.3,96850.3
US,NAM,14541,US-NAM-LTL-RMT-3,66306,4.8,317414.4,133406.2
US,NAM,14542,US-NAM-LTL-RMT-2,47013,11.6,546007.1,359858.4
US,NAM,14544,US-NAM-SA-RMT-5,251343,0.8,211943.8,165844.3
US,NAM,14546,US-NAM-LTL-RMT-4,81191,7.0,568248.8,464213.8
US,NAM,14548,US-NAM-LTL-RMT-6,45115,7.6,340841.4,220457.3
US,NAM,15039,US-NAM-SA-RMT-2,64347,1.2,79630.9,43638.2
US,NAM,15041,US-NAM-HC-RMT-1,150181,0.3,51019.9,62178.4
US,NAM,15608,US-NAM-RHMS-RMT-7,108764,0.6,67806.5,60196.1
US,NAM,15621,US-NAM-SA-RMT-3,394520,1.0,397601.7,329890.1
US,NAM,15655,US-NAM-HC-RMT-1,118711,1.1,136064.0,160998.0
US,NAM,16058,US-NAM-RPO-RMT-1,122880,1.8,218814.3,201050.7
US,NAM,16303,US-NAM-PSE-RMT-1,6622,58.4,386605.2,285980.2
US,NAM,16305,US-NAM-HC-RMT-7,126680,0.5,60107.1,88199.3
US,NAM,16306,US-NAM-LTL-RMT-7,45255,7.4,333966.7,213584.0
US,NAM,16307,US-NAM-SA-RMT-4,71589,0.6,46320.3,22338.2
US,NAM,16382,US-NAM-PSE-RMT-2,14719,9.2,135846.2,101098.3
US,NAM,16707,US-NAM-LTL-RMT-4,87194,2.4,213176.8,181131.6
US,NAM,16995,US-NAM-LTL-RMT-3,30045,12.2,365491.8,212650.9
US,NAM,17283,US-NAM-LTL-RMT-1,26466,59.6,1578458.6,783388.1
US,NAM,17349,US-NAM-HC-RMT-5,78414,0.5,38472.8,21761.4
US,NAM,17531,US-NAM-RHMS-RMT-1,163275,1.2,203838.5,178415.0
US,NAM,17547,US-NAM-HC-RMT-1,65119,0.8,52752.3,32672.2
US,NAM,17749,US-NAM-HC-RMT-3,71903,1.5,106774.2,73304.4
US,NAM,17822,US-NAM-LTL-RMT-1,27276,106.1,2894087.2,1667406.6
US,NAM,18326,US-NAM-PSE-RMT-1,65290,18.9,1234659.7,3120826.9
US,NAM,18501,US-NAM-RHMS-RMT-6,162546,0.6,89509.4,88421.8
US,NAM,18700,US-NAM-HC-RMT-6,163950,0.7,121353.7,111669.2
US,NAM,18722,US-NAM-PSE-RMT-3,14759,10.6,157070.6,201276.8
US,NAM,18784,US-NAM-HC-RMT-1,101540,17.5,1777017.8,1670015.7
US,NAM,19007,US-NAM-HC-RMT-5,43418,2.9,127136.1,129731.9
US,NAM,19169,US-NAM-LTL-RMT-4,328575,0.8,261447.9,174087.8
US,NAM,19174,US-NAM-PSE-RMT-ACC-1,53989,2.5,135140.1,54458.8
US,NAM,19176,US-NAM-SA-RMT-2,26243,2.2,57603.5,39286.3
US,NAM,19641,US-NAM-LTL-RMT-6,91800,3.1,288432.2,227737.3
US,NAM,19656,US-NAM-HC-RMT-2,81527,1.8,146339.8,135099.1
US,NAM,19834,US-NAM-PSE-RMT-1,21717,5.1,109780.8,78494.7
US,NAM,19863,US-NAM-LTL-RMT-2,33706,1.9,65612.8,78376.8
US,NAM,19890,US-NAM-HC-RMT-3,85440,1.5,131471.1,80685.0
US,NAM,20308,US-NAM-RHMS-RMT-5,139369,1.1,157580.8,134881.0
US,NAM,21305,US-NAM-HC-RMT-7,45811,5.2,240157.5,240466.7
US,NAM,23206,US-NAM-RHMS-RMT-4,168868,1.3,218782.8,137026.6
US,NAM,23446,US-NAM-RHMS-RMT-3,57443,5.9,338178.2,256167.4
US,NAM,23715,US-NAM-LTL-RMT-4,86294,5.8,504320.2,443835.5
US,NAM,23721,US-NAM-HC-RMT-2,59510,5.1,303568.7,271705.4
US,NAM,23723,US-NAM-SA-RMT-5,51427,1.8,91184.0,56543.3
US,NAM,23727,US-NAM-LTL-RMT-7,123254,2.2,273060.2,195102.7
US,NAM,23787,US-NAM-RHMS-RMT-4,117935,3.4,403546.0,303333.4
US,NAM,23788,US-NAM-HC-RMT-6,29302,13.6,398170.3,131794.5
US,NAM,23790,US-NAM-LTL-RMT-5,81057,2.3,184163.8,152226.5
US,NAM,23792,US-NAM-LTL-RMT-8,44823,3.1,139506.0,110397.6
US,NAM,23980,US-NAM-HC-RMT-6,63171,1.7,108392.3,84779.3
US,NAM,24095,US-NAM-RHMS-RMT-4,48657,9.2,446300.5,372045.4
US,NAM,24658,US-NAM-RHMS-RMT-7,90041,5.8,520035.4,394568.4
US,NAM,25613,US-NAM-PSE-RMT-2,8201,17.6,143970.9,116328.9
US,NAM,25617,US-NAM-PSE-RMT-2,23295,4.6,107441.1,96113.1
US,NAM,25638,US-NAM-RHMS-RMT-7,137930,2.1,293315.6,301644.7
US,NAM,25639,US-NAM-HC-RMT-5,25180,3.2,80370.0,91056.9
US,NAM,25643,US-NAM-LTL-RMT-6,39401,11.6,458270.9,334049.4
US,NAM,25646,US-NAM-PSE-RMT-3,36529,1.6,57279.5,70217.0
US,NAM,25652,US-NAM-LTL-RMT-2,43934,7.3,322537.7,128343.6
US,NAM,27360,US-NAM-SA-RMT-5,36082,2.6,92401.5,54045.6
US,NAM,27619,US-NAM-SA-RMT-2,35942,5.3,191815.3,139900.6
US,NAM,27637,US-NAM-RPO-RMT-1,321143,0.8,244714.2,254719.2
US,NAM,27767,US-NAM-HC-RMT-3,87138,0.4,35977.7,41862.2
US,NAM,28524,US-NAM-PSE-RMT-2,31624,2.8,88208.1,96617.9
US,NAM,29577,US-NAM-LTL-RMT-8,25945,10.7,277695.9,203981.7
US,NAM,29580,US-NAM-SA-RMT-5,73976,2.2,164591.1,102061.8
US,NAM,29614,US-NAM-LTL-RMT-7,64280,5.4,348544.7,265877.4
US,NAM,29651,US-NAM-HC-RMT-7,62615,2.2,137992.0,119942.7
US,NAM,29653,US-NAM-HC-RMT-6,72043,1.2,86018.9,50699.5
US,NAM,29893,US-NAM-LTL-RMT-2,50194,3.5,176660.6,206803.5
US,NAM,29938,US-NAM-PSE-RMT-2,13298,14.3,189530.6,171573.1
US,NAM,29950,US-NAM-SA-RMT-5,71137,0.6,44102.5,25965.9
US,NAM,29952,US-NAM-RHMS-RMT-2,207708,3.6,738197.2,610520.4
US,NAM,30006,US-NAM-SA-RMT-3,98164,0.4,36344.8,25897.1
US,NAM,30167,US-NAM-LTL-RMT-3,90650,5.1,463810.7,262353.8
US,NAM,30173,US-NAM-RHMS-RMT-5,46673,9.4,440915.0,117930.9
US,NAM,30175,US-NAM-LTL-RMT-3,68940,4.0,275408.2,321068.9
US,NAM,30213,US-NAM-LTL-RMT-3,37747,32.8,1238869.2,780343.3
US,NAM,30214,US-NAM-HC-RMT-1,67739,0.3,19539.1,23866.5
US,NAM,30216,US-NAM-HC-RMT-5,89432,1.7,150159.7,119333.1
US,NAM,30217,US-NAM-RPO-RMT-1,33771,0.7,25159.0,22091.8
US,NAM,30218,US-NAM-RPO-RMT-1,89440,1.8,157464.3,118701.2
US,NAM,30240,US-NAM-PSE-RMT-1,17597,10.1,177884.3,133806.5
US,NAM,30458,US-NAM-RHMS-RMT-3,42399,6.7,286184.8,233198.7
US,NAM,30464,US-NAM-HC-RMT-2,29408,1.8,52140.1,85763.2
US,NAM,30477,US-NAM-HC-RMT-2,123327,1.0,123830.3,157449.6
US,NAM,30550,US-NAM-SA-RMT-4,55190,0.2,12344.0,20653.3
US,NAM,30830,US-NAM-SA-RMT-5,95262,0.1,11111.4,7537.8
US,NAM,31076,US-NAM-RHMS-RMT-2,150006,0.7,111208.5,86311.3
US,NAM,31661,US-NAM-HC-RMT-7,123203,0.6,79579.2,73324.2
US,NAM,32447,US-NAM-LTL-RMT-3,39182,4.3,168102.6,50875.7
US,NAM,32476,US-NAM-PSE-RMT-ACC-1,78481,1.1,83972.2,38688.0
US,NAM,32828,US-NAM-PSE-RMT-ACC-1,78193,1.5,114200.4,63868.7
US,NAM,32875,US-NAM-PSE-RMT-3,24267,5.0,121857.2,130022.1
US,NAM,34838,US-NAM-LTL-RMT-2,58916,5.8,340110.2,257841.3
US,NAM,36034,US-NAM-SA-RMT-3,200841,0.4,89306.8,95416.3
US,NAM,36414,US-NAM-RHMS-RMT-2,240587,0.7,179515.6,127773.9
US,NAM,38024,US-NAM-RHMS-RMT-3,206632,0.8,171359.7,147280.8
US,NAM,39140,US-NAM-RHMS-RMT-1,90128,4.1,366540.5,207563.8
US,NAM,39352,US-NAM-LTL-RMT-5,90014,1.5,131425.7,118761.7
US,NAM,39534,US-NAM-RHMS-RMT-5,44007,4.5,198215.1,276099.1
US,NAM,40905,US-NAM-HC-RMT-4,109167,1.2,126180.5,113969.2
US,NAM,40906,US-NAM-RHMS-RMT-6,58555,3.2,187804.8,118337.6
US,NAM,40909,US-NAM-RHMS-RMT-2,216882,2.3,497464.2,397392.4
US,NAM,40910,US-NAM-HC-RMT-1,100758,2.8,285182.7,258714.1
US,NAM,41373,US-NAM-PSE-RMT-3,57517,2.3,132955.6,118659.5
US,NAM,41617,US-NAM-PSE-RMT-3,16093,10.1,162138.7,160141.7
US,NAM,41622,US-NAM-SA-RMT-1,42471,3.4,145558.4,83561.2
US,NAM,41659,US-NAM-PSE-RMT-2,45077,4.7,209712.3,158076.0
US,NAM,41718,US-NAM-PSE-RMT-4,38564,6.6,254153.6,239866.2
US,NAM,41741,US-NAM-PSE-RMT-1,41788,10.8,452841.0,312698.4
US,NAM,41836,US-NAM-PSE-RMT-3,15701,12.5,196775.0,179666.0
US,NAM,41845,US-NAM-PSE-RMT-2,72804,1.5,109460.8,113456.3
US,NAM,41846,US-NAM-PSE-RMT-2,44449,5.7,254170.1,210277.8
US,NAM,42422,US-NAM-PSE-RMT-2,30190,6.6,199802.5,120622.0
US,NAM,42472,US-NAM-PSE-RMT-4,72538,1.8,129354.6,161989.7
US,NAM,42570,US-NAM-PSE-RMT-4,55668,4.3,239127.0,198093.4
US,NAM,42639,US-NAM-PSE-RMT-3,18959,9.8,184931.3,120436.2
US,NAM,43019,US-NAM-PSE-RMT-1,122727,1.5,189029.6,132620.0
US,NAM,44012,US-NAM-RHMS-RMT-4,242661,1.1,266805.8,194256.2
US,NAM,45233,US-NAM-PSE-RMT-4,298931,0.5,145946.4,138062.6
US,NAM,45264,US-NAM-HC-RMT-7,120562,0.8,98325.0,64763.5
US,NAM,45338,US-NAM-PSE-RMT-3,32121,6.2,197687.0,192227.0
US,NAM,45457,US-NAM-HC-RMT-6,128414,0.4,50248.6,41370.1
US,NAM,46240,US-NAM-RHMS-RMT-2,87803,3.6,312311.8,318267.8
US,NAM,46460,US-NAM-RHMS-RMT-7,158010,3.5,545263.9,351099.3
US,NAM,46565,US-NAM-RHMS-RMT-6,67250,0.7,50040.8,52455.8
US,NAM,46698,US-NAM-RHMS-RMT-5,76298,1.5,114678.2,105226.8
US,UMM,895,US-MUpper-DE-NYC-5,21154,20.7,437719.0,419651.4
US,UMM,910,US-MUpper-DE-STM-3,18652,28.3,528578.3,427454.3
US,UMM,952,US-MUpper-DE-NYC-2,15559,19.4,301204.2,208737.3
US,UMM,1191,US-MUpper-DE-STM-1,22604,16.4,371171.2,270907.4
US,UMM,1222,US-MUpper-DE-STM-4,13551,22.1,299361.8,268334.4
US,UMM,2468,US-MUpper-DE-STM-2,16753,38.1,638104.5,392794.4
US,UMM,2861,US-MUpper-DE-STM-5,14287,41.9,598129.7,493604.3
US,UMM,3071,US-MUpper-DE-NYC-4,29736,29.1,866604.1,748816.1
US,UMM,3111,US-MUpper-DE-STM-4,22282,18.1,403981.0,312152.7
US,UMM,3559,US-MUpper-DE-STM-2,18339,26.5,486027.2,437147.7
US,UMM,3726,US-MUpper-DE-NYC-1,17970,26.8,481728.8,333749.2
US,UMM,3904,US-MUpper-DE-STM-1,19312,17.3,333675.8,334883.7
US,UMM,4068,US-MUpper-DE-STM-5,17508,22.2,388237.0,302287.6
US,UMM,4431,US-MUpper-DE-NYC-2,16513,42.3,697788.7,523770.4
US,UMM,4795,US-MUpper-DE-NYC-3,14213,21.7,308191.7,344968.4
US,UMM,4805,US-MUpper-DE-NYC-1,19719,20.2,398533.3,310541.1
US,UMM,5421,US-MUpper-DE-STM-5,20831,16.2,338299.1,260082.1
US,UMM,6138,US-MUpper-DE-NYC-2,14471,28.6,414199.7,369722.1
US,UMM,6294,US-MUpper-DE-STM-6,19315,23.9,461508.7,336863.6
US,UMM,8086,US-MUpper-DE-ATX-1,18265,28.1,512633.3,422640.0
US,UMM,8227,US-MUpper-DE-ATX-2,14813,25.4,375709.7,354765.8
US,UMM,8374,US-MUpper-DE-ATL-1,15830,24.5,388279.4,341635.4
US,UMM,9296,US-MUpper-DE-STM-4,18053,27.0,487528.1,445755.4
US,UMM,9399,US-MUpper-DE-STM-4,13122,15.3,200528.7,174115.4
US,UMM,10674,US-MUpper-DE-STM-3,14618,32.9,480551.8,363220.7
US,UMM,11155,US-MUpper-DE-STM-3,13092,39.9,522396.9,417311.9
US,UMM,11158,US-MUpper-DE-STM-6,17531,27.1,475051.1,506320.2
US,UMM,11164,US-MUpper-DE-NYC-1,18600,26.3,489053.4,464829.0
US,UMM,11566,US-MUpper-DE-ATX-3,14631,25.4,372336.5,355304.1
US,UMM,11567,US-MUpper-DE-ATX-1,15984,40.3,644915.6,502413.8
US,UMM,11794,US-MUpper-DE-STM-4,16593,39.0,647469.5,628864.5
US,UMM,12723,US-MUpper-DE-STM-1,15182,24.9,377994.5,352665.9
US,UMM,12954,US-MUpper-DE-NYC-1,13057,24.1,315083.5,266647.5
US,UMM,12990,US-MUpper-DE-ATX-2,19858,19.5,387658.0,374330.0
US,UMM,13118,US-MUpper-DE-NYC-3,18900,10.6,200586.2,232720.0
US,UMM,13770,US-MUpper-DE-ATX-2,16485,26.1,429975.4,356127.7
US,UMM,14473,US-MUpper-DE-STM-2,13699,37.5,513620.4,433364.4
US,UMM,14474,US-MUpper-DE-STM-1,16225,22.1,358769.4,376099.9
US,UMM,14509,US-MUpper-DE-NYC-5,15445,36.7,567525.4,532522.0
US,UMM,15076,US-MUpper-DE-STM-1,20203,19.8,400966.3,353616.3
US,UMM,15241,US-MUpper-DE-STM-2,15043,29.1,438387.4,428937.5
US,UMM,15433,US-MUpper-DE-NYC-2,14434,29.8,430353.7,389173.5
US,UMM,15607,US-MUpper-DE-NYC-5,19820,29.3,580405.8,489894.2
US,UMM,15734,US-MUpper-DE-ATX-4,21256,25.8,548695.7,457964.7
US,UMM,15966,US-MUpper-DE-NYC-5,17542,26.6,466542.3,418234.2
US,UMM,16440,US-MUpper-DE-STM-4,22240,13.9,309993.7,321917.1
US,UMM,16990,US-MUpper-DE-NYC-3,27313,15.6,426441.7,341109.8
US,UMM,16992,US-MUpper-DE-NYC-4,16092,29.2,469792.0,496613.7
US,UMM,17060,US-MUpper-DE-STM-2,56903,8.9,508730.1,453763.2
US,UMM,17244,US-MUpper-DE-NYC-3,21375,24.9,531905.4,406910.0
US,UMM,17537,US-MUpper-DE-STM-5,17627,28.7,505561.7,376572.5
US,UMM,17541,US-MUpper-DE-STM-5,15371,26.8,411175.7,308183.1
US,UMM,17648,US-MUpper-DE-STM-3,14258,30.5,434452.6,325771.7
US,UMM,17697,US-MUpper-DE-STM-1,12891,26.9,346795.6,315624.3
US,UMM,17742,US-MUpper-DE-NYC-2,26498,19.2,507683.7,279533.3
US,UMM,17836,US-MUpper-DE-STM-4,14827,29.3,435103.6,353970.1
US,UMM,18087,US-MUpper-DE-NYC-1,14881,27.0,402258.7,312217.8
US,UMM,18367,US-MUpper-DE-NYC-2,15368,52.0,799759.8,594307.0
US,UMM,18412,US-MUpper-DE-ATX-1,16976,32.4,549264.5,539211.2
US,UMM,18760,US-MUpper-DE-NYC-5,21091,19.6,412579.6,284460.6
US,UMM,18916,US-MUpper-DE-NYC-5,21460,11.7,251084.7,246835.7
US,UMM,18936,US-MUpper-DE-ATX-2,25423,17.5,444491.9,361338.5
US,UMM,19180,US-MUpper-DE-STM-3,16340,22.9,374136.1,334242.3
US,UMM,19348,US-MUpper-DE-ATX-2,19468,18.8,365956.4,303681.1
US,UMM,19547,US-MUpper-DE-STM-2,14186,31.9,452344.0,420203.3
US,UMM,19849,US-MUpper-DE-STM-3,20770,17.5,363877.6,318798.2
US,UMM,20151,US-MUpper-DE-STM-4,13875,31.5,437288.0,398752.7
US,UMM,21251,US-MUpper-DE-NYC-3,16442,24.4,400564.0,286648.5
US,UMM,23315,US-MUpper-DE-STM-6,18348,29.0,532875.0,480726.0
US,UMM,23657,US-MUpper-DE-ATX-4,15824,38.7,612360.4,561615.8
US,UMM,23709,US-MUpper-DE-STM-6,21670,19.0,410964.2,357347.7
US,UMM,24954,US-MUpper-DE-NYC-4,15444,41.6,642319.9,523467.5
US,UMM,26480,US-MUpper-DE-ATX-1,20090,25.3,508279.2,600680.6
US,UMM,27272,US-MUpper-DE-ATX-3,20918,18.2,380089.3,342752.6
US,UMM,30836,US-MUpper-DE-ATL-1,20042,24.3,487416.2,406887.3
US,UMM,30853,US-MUpper-DE-ATL-1,19141,21.6,413188.4,382771.1
US,UMM,30876,US-MUpper-DE-ATL-1,29937,15.0,449620.3,387883.0
US,UMM,31053,US-MUpper-DE-NYC-3,15873,40.9,649580.4,491631.3
US,UMM,31274,US-MUpper-DE-ATL-1,20416,30.7,625883.8,474485.4
US,UMM,32083,US-MUpper-DE-NYC-2,17024,30.5,519226.8,507443.6
US,UMM,32111,US-MUpper-DE-STM-6,15771,24.0,378187.8,391218.1
US,UMM,32152,US-MUpper-DE-ATX-2,17368,30.7,532442.4,534192.3
US,UMM,32190,US-MUpper-DE-NYC-2,14875,50.0,744460.9,456743.1
US,UMM,32872,US-MUpper-DE-STM-2,14146,34.1,481800.5,400698.8
US,UMM,34173,US-MUpper-DE-STM-1,22201,11.9,264513.1,271719.5
US,UMM,34176,US-MUpper-DE-NYC-4,16144,19.2,309190.1,319151.2
US,UMM,34180,US-MUpper-DE-STM-1,18556,28.9,535404.3,520487.9
US,UMM,34192,US-MUpper-DE-NYC-2,18840,22.4,421078.8,367134.4
US,UMM,34410,US-MUpper-DE-STM-5,13589,53.1,721468.3,613323.0
US,UMM,34456,US-MUpper-DE-STM-3,14357,31.6,453092.7,445683.2
US,UMM,34460,US-MUpper-DE-ATX-4,17408,23.4,406806.3,399693.6
US,UMM,34492,US-MUpper-DE-STM-6,43052,12.0,515733.9,392300.6
US,UMM,34500,US-MUpper-DE-ATX-1,14889,25.7,383297.2,243934.4
US,UMM,34535,US-MUpper-DE-ATX-3,16623,33.3,554334.4,518638.6
US,UMM,34667,US-MUpper-DE-ATX-3,23782,15.3,363355.2,337268.5
US,UMM,34862,US-MUpper-DE-STM-6,18010,32.0,576187.9,404511.7
US,UMM,34875,US-MUpper-DE-STM-3,18319,15.4,282500.2,249032.0
US,UMM,35199,US-MUpper-DE-NYC-4,19562,31.4,614647.6,456785.6
US,UMM,35502,US-MUpper-DE-NYC-3,13475,51.0,687608.7,511636.9
US,UMM,35555,US-MUpper-DE-NYC-5,12426,35.9,446352.6,359838.8
US,UMM,35758,US-MUpper-DE-ATX-3,16786,34.8,583624.9,665637.1
US,UMM,36240,US-MUpper-DE-NYC-5,37786,9.3,350216.1,324744.2
US,UMM,36375,US-MUpper-DE-STM-2,13968,32.4,452030.3,465067.7
US,UMM,36394,US-MUpper-DE-NYC-2,17228,22.4,385238.0,265777.6
US,UMM,38558,US-MUpper-DE-NYC-4,19232,45.3,870830.7,568866.0
US,UMM,38742,US-MUpper-DE-NYC-1,17093,21.3,364239.9,321731.2
US,UMM,39361,US-MUpper-DE-ATX-3,15317,19.3,294936.4,309760.8
US,UMM,39397,US-MUpper-DE-ATX-1,11992,37.3,447567.4,393004.9
US,UMM,39530,US-MUpper-DE-ATX-1,15456,22.8,352121.5,259543.4
US,UMM,39531,US-MUpper-DE-ATX-4,16167,21.2,342236.8,262156.6
US,UMM,39998,US-MUpper-DE-ATX-4,17142,22.3,381607.3,306846.4
US,UMM,40001,US-MUpper-DE-ATX-3,15910,29.3,465534.2,351887.3
US,UMM,40901,US-MUpper-DE-ATX-2,23898,26.0,620970.5,510057.4
US,UMM,40951,US-MUpper-DE-NYC-1,17777,18.9,336273.5,307453.3
US,UMM,41598,US-MUpper-DE-ATX-4,17350,27.7,480546.8,386839.2
US,UMM,41742,US-MUpper-DE-ATL-1,12662,36.9,466657.2,404998.0
US,UMM,41961,US-MUpper-DE-STM-2,16170,47.3,764763.5,514251.8
US,UMM,42326,US-MUpper-DE-STM-3,16745,20.0,334104.2,266052.2
US,UMM,42723,US-MUpper-DE-ATX-4,17850,21.9,391754.0,354851.4
US,UMM,42982,US-MUpper-DE-STM-5,20900,28.0,585133.6,542897.8
US,UMM,43737,US-MUpper-DE-STM-6,22103,26.1,577576.7,422682.6
US,UMM,43746,US-MUpper-DE-ATL-1,19864,21.4,424297.9,333964.6
US,UMM,43930,US-MUpper-DE-NYC-1,41724,5.3,220510.6,261839.0
US,UMM,43966,US-MUpper-DE-ATL-1,19833,18.8,373692.0,392103.6
US,UMM,44285,US-MUpper-DE-NYC-4,10940,41.6,454835.4,435114.7
US,UMM,44997,US-MUpper-DE-NYC-5,16955,26.1,442046.8,428626.4
US,UMM,45005,US-MUpper-DE-STM-4,17822,30.1,535639.5,528775.5
US,UMM,46515,US-MUpper-DE-NYC-3,16178,49.4,798921.2,502017.4
US,UMM,46517,US-MUpper-DE-NYC-1,14120,32.1,452598.3,299687.6
US,UMM,46546,US-MUpper-DE-STM-5,14890,20.7,307530.4,284110.3
US,UMM,46553,US-MUpper-DE-STM-1,19208,17.1,328186.3,232429.0
US,UMM,46578,US-MUpper-DE-STM-5,22475,19.9,447861.0,327998.6
US,UMM,46817,US-MUpper-DE-NYC-3,15533,26.9,417159.3,28191.5

[Exported 1663 rows. Export complete.]
